-- MariaDB dump 10.19  Distrib 10.4.32-MariaDB, for Win64 (AMD64)
--
-- Host: localhost    Database: montala_db
-- ------------------------------------------------------
-- Server version	10.4.32-MariaDB-log

/*!40101 SET @OLD_CHARACTER_SET_CLIENT=@@CHARACTER_SET_CLIENT */;
/*!40101 SET @OLD_CHARACTER_SET_RESULTS=@@CHARACTER_SET_RESULTS */;
/*!40101 SET @OLD_COLLATION_CONNECTION=@@COLLATION_CONNECTION */;
/*!40101 SET NAMES utf8mb4 */;
/*!40103 SET @OLD_TIME_ZONE=@@TIME_ZONE */;
/*!40103 SET TIME_ZONE='+00:00' */;
/*!40014 SET @OLD_UNIQUE_CHECKS=@@UNIQUE_CHECKS, UNIQUE_CHECKS=0 */;
/*!40014 SET @OLD_FOREIGN_KEY_CHECKS=@@FOREIGN_KEY_CHECKS, FOREIGN_KEY_CHECKS=0 */;
/*!40101 SET @OLD_SQL_MODE=@@SQL_MODE, SQL_MODE='NO_AUTO_VALUE_ON_ZERO' */;
/*!40111 SET @OLD_SQL_NOTES=@@SQL_NOTES, SQL_NOTES=0 */;

--
-- Table structure for table `bkph`
--

DROP TABLE IF EXISTS `bkph`;
/*!40101 SET @saved_cs_client     = @@character_set_client */;
/*!40101 SET character_set_client = utf8 */;
CREATE TABLE `bkph` (
  `id_bkph` int(10) unsigned NOT NULL AUTO_INCREMENT,
  `kode_bkph` varchar(20) NOT NULL,
  `nama_bkph` varchar(100) NOT NULL,
  `luas_ha` decimal(12,2) NOT NULL DEFAULT 0.00,
  `latitude` decimal(10,7) DEFAULT NULL,
  `longitude` decimal(10,7) DEFAULT NULL,
  `created_at` timestamp NULL DEFAULT NULL,
  `updated_at` timestamp NULL DEFAULT NULL,
  PRIMARY KEY (`id_bkph`),
  UNIQUE KEY `bkph_kode_bkph_unique` (`kode_bkph`)
) ENGINE=InnoDB AUTO_INCREMENT=9 DEFAULT CHARSET=utf8mb4 COLLATE=utf8mb4_unicode_ci;
/*!40101 SET character_set_client = @saved_cs_client */;

--
-- Dumping data for table `bkph`
--

LOCK TABLES `bkph` WRITE;
/*!40000 ALTER TABLE `bkph` DISABLE KEYS */;
INSERT INTO `bkph` VALUES (1,'BKPH-KDR','Kediri',12653.70,-7.8167000,111.9333000,'2026-07-02 21:32:02','2026-07-02 21:32:02'),(2,'BKPH-PAC','Pace',11614.14,-7.7333000,111.9000000,'2026-07-02 21:32:02','2026-07-02 21:32:02'),(3,'BKPH-TGA','Tulungagung',14266.60,-8.0667000,111.9000000,'2026-07-02 21:32:02','2026-07-02 21:32:02'),(4,'BKPH-BDG','Bandung',16376.45,-8.1667000,111.7833000,'2026-07-02 21:32:02','2026-07-02 21:32:02'),(5,'BKPH-DNK','Dongko',14786.77,-8.2167000,111.6833000,'2026-07-02 21:32:02','2026-07-02 21:32:02'),(6,'BKPH-KPK','Kampak',15453.90,-8.2333000,111.6167000,'2026-07-02 21:32:02','2026-07-02 21:32:02'),(7,'BKPH-KRG','Karangan',10013.30,-8.1000000,111.7333000,'2026-07-02 21:32:02','2026-07-02 21:32:02'),(8,'BKPH-TRK','Trenggalek',12667.87,-8.0500000,111.7167000,'2026-07-02 21:32:02','2026-07-02 21:32:02');
/*!40000 ALTER TABLE `bkph` ENABLE KEYS */;
UNLOCK TABLES;

--
-- Table structure for table `cache`
--

DROP TABLE IF EXISTS `cache`;
/*!40101 SET @saved_cs_client     = @@character_set_client */;
/*!40101 SET character_set_client = utf8 */;
CREATE TABLE `cache` (
  `key` varchar(255) NOT NULL,
  `value` mediumtext NOT NULL,
  `expiration` int(11) NOT NULL,
  PRIMARY KEY (`key`),
  KEY `cache_expiration_index` (`expiration`)
) ENGINE=InnoDB DEFAULT CHARSET=utf8mb4 COLLATE=utf8mb4_unicode_ci;
/*!40101 SET character_set_client = @saved_cs_client */;

--
-- Dumping data for table `cache`
--

LOCK TABLES `cache` WRITE;
/*!40000 ALTER TABLE `cache` DISABLE KEYS */;
/*!40000 ALTER TABLE `cache` ENABLE KEYS */;
UNLOCK TABLES;

--
-- Table structure for table `cache_locks`
--

DROP TABLE IF EXISTS `cache_locks`;
/*!40101 SET @saved_cs_client     = @@character_set_client */;
/*!40101 SET character_set_client = utf8 */;
CREATE TABLE `cache_locks` (
  `key` varchar(255) NOT NULL,
  `owner` varchar(255) NOT NULL,
  `expiration` int(11) NOT NULL,
  PRIMARY KEY (`key`),
  KEY `cache_locks_expiration_index` (`expiration`)
) ENGINE=InnoDB DEFAULT CHARSET=utf8mb4 COLLATE=utf8mb4_unicode_ci;
/*!40101 SET character_set_client = @saved_cs_client */;

--
-- Dumping data for table `cache_locks`
--

LOCK TABLES `cache_locks` WRITE;
/*!40000 ALTER TABLE `cache_locks` DISABLE KEYS */;
/*!40000 ALTER TABLE `cache_locks` ENABLE KEYS */;
UNLOCK TABLES;

--
-- Table structure for table `dokumentasi_foto`
--

DROP TABLE IF EXISTS `dokumentasi_foto`;
/*!40101 SET @saved_cs_client     = @@character_set_client */;
/*!40101 SET character_set_client = utf8 */;
CREATE TABLE `dokumentasi_foto` (
  `id_foto` int(10) unsigned NOT NULL AUTO_INCREMENT,
  `id_realisasi` int(10) unsigned NOT NULL,
  `path_foto` varchar(255) NOT NULL,
  `keterangan` varchar(255) DEFAULT NULL COMMENT 'Contoh: "Foto sampel pohon" / "Foto Buku Saku Mandor"',
  `latitude` decimal(10,7) DEFAULT NULL COMMENT 'Disiapkan untuk GPS lapangan',
  `longitude` decimal(10,7) DEFAULT NULL,
  `tanggal_upload` timestamp NOT NULL DEFAULT current_timestamp(),
  PRIMARY KEY (`id_foto`),
  KEY `dokumentasi_foto_id_realisasi_foreign` (`id_realisasi`),
  CONSTRAINT `dokumentasi_foto_id_realisasi_foreign` FOREIGN KEY (`id_realisasi`) REFERENCES `realisasi` (`id_realisasi`) ON DELETE CASCADE ON UPDATE CASCADE
) ENGINE=InnoDB AUTO_INCREMENT=3 DEFAULT CHARSET=utf8mb4 COLLATE=utf8mb4_unicode_ci;
/*!40101 SET character_set_client = @saved_cs_client */;

--
-- Dumping data for table `dokumentasi_foto`
--

LOCK TABLES `dokumentasi_foto` WRITE;
/*!40000 ALTER TABLE `dokumentasi_foto` DISABLE KEYS */;
INSERT INTO `dokumentasi_foto` VALUES (1,649,'dokumentasi-foto/e3urTd9KsoezmZLUkpClGrBfP3roze39hY2AO9KX.jpg','Foto sampel pohon terpasang talang',NULL,NULL,'2026-07-02 23:22:37'),(2,689,'dokumentasi-foto/gKopvm1sXzJaqEnCzcKGr59C4qZqnGqpIcGRL9DY.jpg','Foto sampel pohon terpasang talang',NULL,NULL,'2026-07-02 23:56:54');
/*!40000 ALTER TABLE `dokumentasi_foto` ENABLE KEYS */;
UNLOCK TABLES;

--
-- Table structure for table `failed_jobs`
--

DROP TABLE IF EXISTS `failed_jobs`;
/*!40101 SET @saved_cs_client     = @@character_set_client */;
/*!40101 SET character_set_client = utf8 */;
CREATE TABLE `failed_jobs` (
  `id` bigint(20) unsigned NOT NULL AUTO_INCREMENT,
  `uuid` varchar(255) NOT NULL,
  `connection` text NOT NULL,
  `queue` text NOT NULL,
  `payload` longtext NOT NULL,
  `exception` longtext NOT NULL,
  `failed_at` timestamp NOT NULL DEFAULT current_timestamp(),
  PRIMARY KEY (`id`),
  UNIQUE KEY `failed_jobs_uuid_unique` (`uuid`)
) ENGINE=InnoDB DEFAULT CHARSET=utf8mb4 COLLATE=utf8mb4_unicode_ci;
/*!40101 SET character_set_client = @saved_cs_client */;

--
-- Dumping data for table `failed_jobs`
--

LOCK TABLES `failed_jobs` WRITE;
/*!40000 ALTER TABLE `failed_jobs` DISABLE KEYS */;
/*!40000 ALTER TABLE `failed_jobs` ENABLE KEYS */;
UNLOCK TABLES;

--
-- Table structure for table `job_batches`
--

DROP TABLE IF EXISTS `job_batches`;
/*!40101 SET @saved_cs_client     = @@character_set_client */;
/*!40101 SET character_set_client = utf8 */;
CREATE TABLE `job_batches` (
  `id` varchar(255) NOT NULL,
  `name` varchar(255) NOT NULL,
  `total_jobs` int(11) NOT NULL,
  `pending_jobs` int(11) NOT NULL,
  `failed_jobs` int(11) NOT NULL,
  `failed_job_ids` longtext NOT NULL,
  `options` mediumtext DEFAULT NULL,
  `cancelled_at` int(11) DEFAULT NULL,
  `created_at` int(11) NOT NULL,
  `finished_at` int(11) DEFAULT NULL,
  PRIMARY KEY (`id`)
) ENGINE=InnoDB DEFAULT CHARSET=utf8mb4 COLLATE=utf8mb4_unicode_ci;
/*!40101 SET character_set_client = @saved_cs_client */;

--
-- Dumping data for table `job_batches`
--

LOCK TABLES `job_batches` WRITE;
/*!40000 ALTER TABLE `job_batches` DISABLE KEYS */;
/*!40000 ALTER TABLE `job_batches` ENABLE KEYS */;
UNLOCK TABLES;

--
-- Table structure for table `jobs`
--

DROP TABLE IF EXISTS `jobs`;
/*!40101 SET @saved_cs_client     = @@character_set_client */;
/*!40101 SET character_set_client = utf8 */;
CREATE TABLE `jobs` (
  `id` bigint(20) unsigned NOT NULL AUTO_INCREMENT,
  `queue` varchar(255) NOT NULL,
  `payload` longtext NOT NULL,
  `attempts` tinyint(3) unsigned NOT NULL,
  `reserved_at` int(10) unsigned DEFAULT NULL,
  `available_at` int(10) unsigned NOT NULL,
  `created_at` int(10) unsigned NOT NULL,
  PRIMARY KEY (`id`),
  KEY `jobs_queue_index` (`queue`)
) ENGINE=InnoDB DEFAULT CHARSET=utf8mb4 COLLATE=utf8mb4_unicode_ci;
/*!40101 SET character_set_client = @saved_cs_client */;

--
-- Dumping data for table `jobs`
--

LOCK TABLES `jobs` WRITE;
/*!40000 ALTER TABLE `jobs` DISABLE KEYS */;
/*!40000 ALTER TABLE `jobs` ENABLE KEYS */;
UNLOCK TABLES;

--
-- Table structure for table `log_aktivitas`
--

DROP TABLE IF EXISTS `log_aktivitas`;
/*!40101 SET @saved_cs_client     = @@character_set_client */;
/*!40101 SET character_set_client = utf8 */;
CREATE TABLE `log_aktivitas` (
  `id_log` int(10) unsigned NOT NULL AUTO_INCREMENT,
  `id_user` int(10) unsigned NOT NULL,
  `aktivitas` varchar(255) NOT NULL,
  `tanggal_waktu` timestamp NOT NULL DEFAULT current_timestamp(),
  PRIMARY KEY (`id_log`),
  KEY `log_aktivitas_id_user_foreign` (`id_user`),
  CONSTRAINT `log_aktivitas_id_user_foreign` FOREIGN KEY (`id_user`) REFERENCES `user` (`id_user`) ON DELETE CASCADE ON UPDATE CASCADE
) ENGINE=InnoDB AUTO_INCREMENT=19 DEFAULT CHARSET=utf8mb4 COLLATE=utf8mb4_unicode_ci;
/*!40101 SET character_set_client = @saved_cs_client */;

--
-- Dumping data for table `log_aktivitas`
--

LOCK TABLES `log_aktivitas` WRITE;
/*!40000 ALTER TABLE `log_aktivitas` DISABLE KEYS */;
INSERT INTO `log_aktivitas` VALUES (1,1,'Login ke sistem','2026-07-02 22:02:04'),(2,1,'Logout dari sistem','2026-07-02 22:03:46'),(3,1,'Login ke sistem','2026-07-02 22:16:55'),(4,1,'Logout dari sistem','2026-07-02 22:17:38'),(5,2,'Login ke sistem','2026-07-02 22:17:47'),(6,2,'Logout dari sistem','2026-07-02 23:01:18'),(7,1,'Login ke sistem','2026-07-02 23:01:27'),(8,1,'Logout dari sistem','2026-07-02 23:19:31'),(9,18,'Login ke sistem','2026-07-02 23:21:40'),(10,18,'Input realisasi petak RPH-BDG-01-P2','2026-07-02 23:22:37'),(11,18,'Logout dari sistem','2026-07-02 23:23:35'),(12,1,'Login ke sistem','2026-07-02 23:23:46'),(13,1,'Logout dari sistem','2026-07-02 23:56:08'),(14,108,'Login ke sistem','2026-07-02 23:56:30'),(15,108,'Input realisasi petak RPH-KDR-01-P1','2026-07-02 23:56:54'),(16,108,'Logout dari sistem','2026-07-02 23:57:55'),(17,1,'Login ke sistem','2026-07-02 23:58:08'),(18,1,'Logout dari sistem','2026-07-03 00:03:06');
/*!40000 ALTER TABLE `log_aktivitas` ENABLE KEYS */;
UNLOCK TABLES;

--
-- Table structure for table `mandor`
--

DROP TABLE IF EXISTS `mandor`;
/*!40101 SET @saved_cs_client     = @@character_set_client */;
/*!40101 SET character_set_client = utf8 */;
CREATE TABLE `mandor` (
  `id_mandor` int(10) unsigned NOT NULL AUTO_INCREMENT,
  `id_rph` int(10) unsigned NOT NULL,
  `nama_mandor` varchar(100) NOT NULL,
  `alur_kerja` varchar(10) NOT NULL COMMENT 'Contoh: Alur A, Alur B, Alur C',
  `status_aktif` tinyint(1) NOT NULL DEFAULT 1,
  `created_at` timestamp NOT NULL DEFAULT current_timestamp(),
  PRIMARY KEY (`id_mandor`),
  KEY `mandor_id_rph_foreign` (`id_rph`),
  CONSTRAINT `mandor_id_rph_foreign` FOREIGN KEY (`id_rph`) REFERENCES `rph` (`id_rph`) ON UPDATE CASCADE
) ENGINE=InnoDB DEFAULT CHARSET=utf8mb4 COLLATE=utf8mb4_unicode_ci;
/*!40101 SET character_set_client = @saved_cs_client */;

--
-- Dumping data for table `mandor`
--

LOCK TABLES `mandor` WRITE;
/*!40000 ALTER TABLE `mandor` DISABLE KEYS */;
/*!40000 ALTER TABLE `mandor` ENABLE KEYS */;
UNLOCK TABLES;

--
-- Table structure for table `migrations`
--

DROP TABLE IF EXISTS `migrations`;
/*!40101 SET @saved_cs_client     = @@character_set_client */;
/*!40101 SET character_set_client = utf8 */;
CREATE TABLE `migrations` (
  `id` int(10) unsigned NOT NULL AUTO_INCREMENT,
  `migration` varchar(255) NOT NULL,
  `batch` int(11) NOT NULL,
  PRIMARY KEY (`id`)
) ENGINE=InnoDB AUTO_INCREMENT=14 DEFAULT CHARSET=utf8mb4 COLLATE=utf8mb4_unicode_ci;
/*!40101 SET character_set_client = @saved_cs_client */;

--
-- Dumping data for table `migrations`
--

LOCK TABLES `migrations` WRITE;
/*!40000 ALTER TABLE `migrations` DISABLE KEYS */;
INSERT INTO `migrations` VALUES (1,'0001_01_01_000000_create_users_table',1),(2,'0001_01_01_000001_create_cache_table',1),(3,'0001_01_01_000002_create_jobs_table',1),(4,'2026_07_03_000001_create_bkph_table',1),(5,'2026_07_03_000002_create_rph_table',1),(6,'2026_07_03_000003_create_user_table',1),(7,'2026_07_03_000004_create_petak_table',1),(8,'2026_07_03_000005_create_mandor_table',1),(9,'2026_07_03_000006_create_realisasi_table',1),(10,'2026_07_03_000007_create_target_table',1),(11,'2026_07_03_000008_create_dokumentasi_foto_table',1),(12,'2026_07_03_000009_create_log_aktivitas_table',1),(13,'2026_07_03_000001_add_jumlah_target_pohon_to_target_table',2);
/*!40000 ALTER TABLE `migrations` ENABLE KEYS */;
UNLOCK TABLES;

--
-- Table structure for table `password_reset_tokens`
--

DROP TABLE IF EXISTS `password_reset_tokens`;
/*!40101 SET @saved_cs_client     = @@character_set_client */;
/*!40101 SET character_set_client = utf8 */;
CREATE TABLE `password_reset_tokens` (
  `email` varchar(255) NOT NULL,
  `token` varchar(255) NOT NULL,
  `created_at` timestamp NULL DEFAULT NULL,
  PRIMARY KEY (`email`)
) ENGINE=InnoDB DEFAULT CHARSET=utf8mb4 COLLATE=utf8mb4_unicode_ci;
/*!40101 SET character_set_client = @saved_cs_client */;

--
-- Dumping data for table `password_reset_tokens`
--

LOCK TABLES `password_reset_tokens` WRITE;
/*!40000 ALTER TABLE `password_reset_tokens` DISABLE KEYS */;
/*!40000 ALTER TABLE `password_reset_tokens` ENABLE KEYS */;
UNLOCK TABLES;

--
-- Table structure for table `petak`
--

DROP TABLE IF EXISTS `petak`;
/*!40101 SET @saved_cs_client     = @@character_set_client */;
/*!40101 SET character_set_client = utf8 */;
CREATE TABLE `petak` (
  `id_petak` int(10) unsigned NOT NULL AUTO_INCREMENT,
  `id_rph` int(10) unsigned NOT NULL,
  `kode_petak` varchar(20) NOT NULL,
  `total_pohon` int(10) unsigned DEFAULT NULL COMMENT 'Perkiraan jumlah pohon di petak, bisa dioverride saat input realisasi',
  `latitude` decimal(10,7) DEFAULT NULL,
  `longitude` decimal(10,7) DEFAULT NULL,
  `created_at` timestamp NULL DEFAULT NULL,
  `updated_at` timestamp NULL DEFAULT NULL,
  PRIMARY KEY (`id_petak`),
  UNIQUE KEY `uq_petak_per_rph` (`id_rph`,`kode_petak`),
  CONSTRAINT `petak_id_rph_foreign` FOREIGN KEY (`id_rph`) REFERENCES `rph` (`id_rph`) ON UPDATE CASCADE
) ENGINE=InnoDB AUTO_INCREMENT=109 DEFAULT CHARSET=utf8mb4 COLLATE=utf8mb4_unicode_ci;
/*!40101 SET character_set_client = @saved_cs_client */;

--
-- Dumping data for table `petak`
--

LOCK TABLES `petak` WRITE;
/*!40000 ALTER TABLE `petak` DISABLE KEYS */;
INSERT INTO `petak` VALUES (1,1,'RPH-KDR-01-P1',8708,NULL,NULL,'2026-07-02 23:53:09','2026-07-02 23:53:09'),(2,1,'RPH-KDR-01-P2',7951,NULL,NULL,'2026-07-02 23:53:09','2026-07-02 23:53:09'),(3,1,'RPH-KDR-01-P3',6057,NULL,NULL,'2026-07-02 23:53:09','2026-07-02 23:53:09'),(4,2,'RPH-KDR-02-P1',18336,NULL,NULL,'2026-07-02 23:53:09','2026-07-02 23:53:09'),(5,2,'RPH-KDR-02-P2',17775,NULL,NULL,'2026-07-02 23:53:09','2026-07-02 23:53:09'),(6,2,'RPH-KDR-02-P3',20021,NULL,NULL,'2026-07-02 23:53:09','2026-07-02 23:53:09'),(7,3,'RPH-KDR-03-P1',14886,NULL,NULL,'2026-07-02 23:53:09','2026-07-02 23:53:09'),(8,3,'RPH-KDR-03-P2',15913,NULL,NULL,'2026-07-02 23:53:09','2026-07-02 23:53:09'),(9,3,'RPH-KDR-03-P3',20532,NULL,NULL,'2026-07-02 23:53:09','2026-07-02 23:53:09'),(10,4,'RPH-KDR-04-P1',8141,NULL,NULL,'2026-07-02 23:53:09','2026-07-02 23:53:09'),(11,4,'RPH-KDR-04-P2',7604,NULL,NULL,'2026-07-02 23:53:09','2026-07-02 23:53:09'),(12,4,'RPH-KDR-04-P3',11093,NULL,NULL,'2026-07-02 23:53:09','2026-07-02 23:53:09'),(13,5,'RPH-KDR-05-P1',21085,NULL,NULL,'2026-07-02 23:53:09','2026-07-02 23:53:09'),(14,5,'RPH-KDR-05-P2',22801,NULL,NULL,'2026-07-02 23:53:09','2026-07-02 23:53:09'),(15,5,'RPH-KDR-05-P3',29666,NULL,NULL,'2026-07-02 23:53:09','2026-07-02 23:53:09'),(16,6,'RPH-PAC-01-P1',9524,NULL,NULL,'2026-07-02 23:53:09','2026-07-02 23:53:09'),(17,6,'RPH-PAC-01-P2',8831,NULL,NULL,'2026-07-02 23:53:09','2026-07-02 23:53:09'),(18,6,'RPH-PAC-01-P3',7619,NULL,NULL,'2026-07-02 23:53:09','2026-07-02 23:53:09'),(19,7,'RPH-PAC-02-P1',6992,NULL,NULL,'2026-07-02 23:53:09','2026-07-02 23:53:09'),(20,7,'RPH-PAC-02-P2',6012,NULL,NULL,'2026-07-02 23:53:09','2026-07-02 23:53:09'),(21,7,'RPH-PAC-02-P3',6600,NULL,NULL,'2026-07-02 23:53:09','2026-07-02 23:53:09'),(22,8,'RPH-PAC-03-P1',21804,NULL,NULL,'2026-07-02 23:53:09','2026-07-02 23:53:09'),(23,8,'RPH-PAC-03-P2',19528,NULL,NULL,'2026-07-02 23:53:09','2026-07-02 23:53:09'),(24,8,'RPH-PAC-03-P3',15547,NULL,NULL,'2026-07-02 23:53:09','2026-07-02 23:53:09'),(25,9,'RPH-PAC-04-P1',2125,NULL,NULL,'2026-07-02 23:53:09','2026-07-02 23:53:09'),(26,9,'RPH-PAC-04-P2',2049,NULL,NULL,'2026-07-02 23:53:09','2026-07-02 23:53:09'),(27,9,'RPH-PAC-04-P3',1519,NULL,NULL,'2026-07-02 23:53:09','2026-07-02 23:53:09'),(28,10,'RPH-PAC-05-P1',10233,NULL,NULL,'2026-07-02 23:53:09','2026-07-02 23:53:09'),(29,10,'RPH-PAC-05-P2',8542,NULL,NULL,'2026-07-02 23:53:09','2026-07-02 23:53:09'),(30,10,'RPH-PAC-05-P3',7919,NULL,NULL,'2026-07-02 23:53:09','2026-07-02 23:53:09'),(31,11,'RPH-PAC-06-P1',14916,NULL,NULL,'2026-07-02 23:53:09','2026-07-02 23:53:09'),(32,11,'RPH-PAC-06-P2',20181,NULL,NULL,'2026-07-02 23:53:09','2026-07-02 23:53:09'),(33,11,'RPH-PAC-06-P3',17549,NULL,NULL,'2026-07-02 23:53:09','2026-07-02 23:53:09'),(34,12,'RPH-TGA-01-P1',26006,NULL,NULL,'2026-07-02 23:53:09','2026-07-02 23:53:09'),(35,12,'RPH-TGA-01-P2',27188,NULL,NULL,'2026-07-02 23:53:09','2026-07-02 23:53:09'),(36,12,'RPH-TGA-01-P3',35462,NULL,NULL,'2026-07-02 23:53:09','2026-07-02 23:53:09'),(37,13,'RPH-TGA-02-P1',15467,NULL,NULL,'2026-07-02 23:53:09','2026-07-02 23:53:09'),(38,13,'RPH-TGA-02-P2',15989,NULL,NULL,'2026-07-02 23:53:09','2026-07-02 23:53:09'),(39,13,'RPH-TGA-02-P3',20681,NULL,NULL,'2026-07-02 23:53:09','2026-07-02 23:53:09'),(40,14,'RPH-TGA-03-P1',17973,NULL,NULL,'2026-07-02 23:53:09','2026-07-02 23:53:09'),(41,14,'RPH-TGA-03-P2',20480,NULL,NULL,'2026-07-02 23:53:09','2026-07-02 23:53:09'),(42,14,'RPH-TGA-03-P3',24242,NULL,NULL,'2026-07-02 23:53:09','2026-07-02 23:53:09'),(43,15,'RPH-TGA-04-P1',59805,NULL,NULL,'2026-07-02 23:53:09','2026-07-02 23:53:09'),(44,15,'RPH-TGA-04-P2',54528,NULL,NULL,'2026-07-02 23:53:09','2026-07-02 23:53:09'),(45,15,'RPH-TGA-04-P3',61564,NULL,NULL,'2026-07-02 23:53:09','2026-07-02 23:53:09'),(46,16,'RPH-TGA-05-P1',38543,NULL,NULL,'2026-07-02 23:53:09','2026-07-02 23:53:09'),(47,16,'RPH-TGA-05-P2',34096,NULL,NULL,'2026-07-02 23:53:09','2026-07-02 23:53:09'),(48,16,'RPH-TGA-05-P3',38542,NULL,NULL,'2026-07-02 23:53:09','2026-07-02 23:53:09'),(49,17,'RPH-BDG-01-P1',2905,NULL,NULL,'2026-07-02 23:53:09','2026-07-02 23:53:09'),(50,17,'RPH-BDG-01-P2',3142,NULL,NULL,'2026-07-02 23:53:09','2026-07-02 23:53:09'),(51,17,'RPH-BDG-01-P3',4087,NULL,NULL,'2026-07-02 23:53:09','2026-07-02 23:53:09'),(52,18,'RPH-BDG-02-P1',4528,NULL,NULL,'2026-07-02 23:53:09','2026-07-02 23:53:09'),(53,18,'RPH-BDG-02-P2',4579,NULL,NULL,'2026-07-02 23:53:09','2026-07-02 23:53:09'),(54,18,'RPH-BDG-02-P3',6329,NULL,NULL,'2026-07-02 23:53:09','2026-07-02 23:53:09'),(55,19,'RPH-BDG-03-P1',3218,NULL,NULL,'2026-07-02 23:53:09','2026-07-02 23:53:09'),(56,19,'RPH-BDG-03-P2',2687,NULL,NULL,'2026-07-02 23:53:09','2026-07-02 23:53:09'),(57,19,'RPH-BDG-03-P3',2953,NULL,NULL,'2026-07-02 23:53:09','2026-07-02 23:53:09'),(58,20,'RPH-DNK-01-P1',5372,NULL,NULL,'2026-07-02 23:53:09','2026-07-02 23:53:09'),(59,20,'RPH-DNK-01-P2',4812,NULL,NULL,'2026-07-02 23:53:09','2026-07-02 23:53:09'),(60,20,'RPH-DNK-01-P3',3831,NULL,NULL,'2026-07-02 23:53:09','2026-07-02 23:53:09'),(61,21,'RPH-DNK-02-P1',27036,NULL,NULL,'2026-07-02 23:53:09','2026-07-02 23:53:09'),(62,21,'RPH-DNK-02-P2',24806,NULL,NULL,'2026-07-02 23:53:09','2026-07-02 23:53:09'),(63,21,'RPH-DNK-02-P3',31774,NULL,NULL,'2026-07-02 23:53:09','2026-07-02 23:53:09'),(64,22,'RPH-DNK-03-P1',66091,NULL,NULL,'2026-07-02 23:53:09','2026-07-02 23:53:09'),(65,22,'RPH-DNK-03-P2',66686,NULL,NULL,'2026-07-02 23:53:09','2026-07-02 23:53:09'),(66,22,'RPH-DNK-03-P3',45846,NULL,NULL,'2026-07-02 23:53:09','2026-07-02 23:53:09'),(67,23,'RPH-DNK-04-P1',25630,NULL,NULL,'2026-07-02 23:53:09','2026-07-02 23:53:09'),(68,23,'RPH-DNK-04-P2',31480,NULL,NULL,'2026-07-02 23:53:09','2026-07-02 23:53:09'),(69,23,'RPH-DNK-04-P3',26466,NULL,NULL,'2026-07-02 23:53:09','2026-07-02 23:53:09'),(70,24,'RPH-DNK-05-P1',100131,NULL,NULL,'2026-07-02 23:53:09','2026-07-02 23:53:09'),(71,24,'RPH-DNK-05-P2',124882,NULL,NULL,'2026-07-02 23:53:09','2026-07-02 23:53:09'),(72,24,'RPH-DNK-05-P3',112506,NULL,NULL,'2026-07-02 23:53:09','2026-07-02 23:53:09'),(73,25,'RPH-KPK-01-P1',75671,NULL,NULL,'2026-07-02 23:53:09','2026-07-02 23:53:09'),(74,25,'RPH-KPK-01-P2',64029,NULL,NULL,'2026-07-02 23:53:09','2026-07-02 23:53:09'),(75,25,'RPH-KPK-01-P3',78582,NULL,NULL,'2026-07-02 23:53:09','2026-07-02 23:53:09'),(76,26,'RPH-KPK-02-P1',89897,NULL,NULL,'2026-07-02 23:53:09','2026-07-02 23:53:09'),(77,26,'RPH-KPK-02-P2',84097,NULL,NULL,'2026-07-02 23:53:09','2026-07-02 23:53:09'),(78,26,'RPH-KPK-02-P3',115995,NULL,NULL,'2026-07-02 23:53:09','2026-07-02 23:53:09'),(79,27,'RPH-KPK-03-P1',1852,NULL,NULL,'2026-07-02 23:53:09','2026-07-02 23:53:09'),(80,27,'RPH-KPK-03-P2',2091,NULL,NULL,'2026-07-02 23:53:09','2026-07-02 23:53:09'),(81,27,'RPH-KPK-03-P3',2030,NULL,NULL,'2026-07-02 23:53:09','2026-07-02 23:53:09'),(82,28,'RPH-KPK-04-P1',277,NULL,NULL,'2026-07-02 23:53:09','2026-07-02 23:53:09'),(83,28,'RPH-KPK-04-P2',245,NULL,NULL,'2026-07-02 23:53:09','2026-07-02 23:53:09'),(84,28,'RPH-KPK-04-P3',344,NULL,NULL,'2026-07-02 23:53:09','2026-07-02 23:53:09'),(85,29,'RPH-KRG-01-P1',30292,NULL,NULL,'2026-07-02 23:53:09','2026-07-02 23:53:09'),(86,29,'RPH-KRG-01-P2',31192,NULL,NULL,'2026-07-02 23:53:09','2026-07-02 23:53:09'),(87,29,'RPH-KRG-01-P3',28493,NULL,NULL,'2026-07-02 23:53:09','2026-07-02 23:53:09'),(88,30,'RPH-KRG-02-P1',60855,NULL,NULL,'2026-07-02 23:53:09','2026-07-02 23:53:09'),(89,30,'RPH-KRG-02-P2',56174,NULL,NULL,'2026-07-02 23:53:09','2026-07-02 23:53:09'),(90,30,'RPH-KRG-02-P3',58514,NULL,NULL,'2026-07-02 23:53:09','2026-07-02 23:53:09'),(91,31,'RPH-KRG-03-P1',89617,NULL,NULL,'2026-07-02 23:53:09','2026-07-02 23:53:09'),(92,31,'RPH-KRG-03-P2',90462,NULL,NULL,'2026-07-02 23:53:09','2026-07-02 23:53:09'),(93,31,'RPH-KRG-03-P3',73554,NULL,NULL,'2026-07-02 23:53:09','2026-07-02 23:53:09'),(94,32,'RPH-KRG-04-P1',34464,NULL,NULL,'2026-07-02 23:53:09','2026-07-02 23:53:09'),(95,32,'RPH-KRG-04-P2',30599,NULL,NULL,'2026-07-02 23:53:09','2026-07-02 23:53:09'),(96,32,'RPH-KRG-04-P3',31564,NULL,NULL,'2026-07-02 23:53:09','2026-07-02 23:53:09'),(97,33,'RPH-TRK-01-P1',65363,NULL,NULL,'2026-07-02 23:53:09','2026-07-02 23:53:09'),(98,33,'RPH-TRK-01-P2',78886,NULL,NULL,'2026-07-02 23:53:09','2026-07-02 23:53:09'),(99,33,'RPH-TRK-01-P3',81139,NULL,NULL,'2026-07-02 23:53:09','2026-07-02 23:53:09'),(100,34,'RPH-TRK-02-P1',4478,NULL,NULL,'2026-07-02 23:53:09','2026-07-02 23:53:09'),(101,34,'RPH-TRK-02-P2',5170,NULL,NULL,'2026-07-02 23:53:09','2026-07-02 23:53:09'),(102,34,'RPH-TRK-02-P3',4200,NULL,NULL,'2026-07-02 23:53:09','2026-07-02 23:53:09'),(103,35,'RPH-TRK-03-P1',53268,NULL,NULL,'2026-07-02 23:53:09','2026-07-02 23:53:09'),(104,35,'RPH-TRK-03-P2',54968,NULL,NULL,'2026-07-02 23:53:09','2026-07-02 23:53:09'),(105,35,'RPH-TRK-03-P3',61768,NULL,NULL,'2026-07-02 23:53:09','2026-07-02 23:53:09'),(106,36,'RPH-TRK-04-P1',125502,NULL,NULL,'2026-07-02 23:53:09','2026-07-02 23:53:09'),(107,36,'RPH-TRK-04-P2',125502,NULL,NULL,'2026-07-02 23:53:09','2026-07-02 23:53:09'),(108,36,'RPH-TRK-04-P3',129304,NULL,NULL,'2026-07-02 23:53:09','2026-07-02 23:53:09');
/*!40000 ALTER TABLE `petak` ENABLE KEYS */;
UNLOCK TABLES;

--
-- Table structure for table `realisasi`
--

DROP TABLE IF EXISTS `realisasi`;
/*!40101 SET @saved_cs_client     = @@character_set_client */;
/*!40101 SET character_set_client = utf8 */;
CREATE TABLE `realisasi` (
  `id_realisasi` int(10) unsigned NOT NULL AUTO_INCREMENT,
  `id_petak` int(10) unsigned NOT NULL,
  `id_mandor` int(10) unsigned DEFAULT NULL,
  `id_user` int(10) unsigned NOT NULL COMMENT 'KRPH/Asper yang menginput',
  `jumlah_pohon_realisasi` int(10) unsigned NOT NULL,
  `total_pohon_petak` int(10) unsigned NOT NULL,
  `persentase_capaian` decimal(5,2) GENERATED ALWAYS AS (case when `total_pohon_petak` > 0 then round(`jumlah_pohon_realisasi` / `total_pohon_petak` * 100,2) else 0 end) STORED,
  `tanggal_update` date NOT NULL,
  `catatan_lapangan` text DEFAULT NULL,
  `status_validasi` enum('Menunggu','Valid','Tidak Valid') NOT NULL DEFAULT 'Menunggu',
  `alasan_tidak_valid` varchar(255) DEFAULT NULL COMMENT 'Contoh: "Tanpa dokumentasi foto"',
  `versi_input` int(10) unsigned NOT NULL DEFAULT 1 COMMENT 'Naik tiap kali data diperbaiki ulang',
  `id_realisasi_sebelumnya` int(10) unsigned DEFAULT NULL COMMENT 'Referensi ke versi sebelumnya jika ini hasil perbaikan',
  `created_at` timestamp NULL DEFAULT NULL,
  `updated_at` timestamp NULL DEFAULT NULL,
  PRIMARY KEY (`id_realisasi`),
  KEY `realisasi_id_petak_foreign` (`id_petak`),
  KEY `realisasi_id_mandor_foreign` (`id_mandor`),
  KEY `realisasi_id_user_foreign` (`id_user`),
  KEY `realisasi_id_realisasi_sebelumnya_foreign` (`id_realisasi_sebelumnya`),
  CONSTRAINT `realisasi_id_mandor_foreign` FOREIGN KEY (`id_mandor`) REFERENCES `mandor` (`id_mandor`) ON DELETE SET NULL ON UPDATE CASCADE,
  CONSTRAINT `realisasi_id_petak_foreign` FOREIGN KEY (`id_petak`) REFERENCES `petak` (`id_petak`) ON UPDATE CASCADE,
  CONSTRAINT `realisasi_id_realisasi_sebelumnya_foreign` FOREIGN KEY (`id_realisasi_sebelumnya`) REFERENCES `realisasi` (`id_realisasi`) ON DELETE SET NULL ON UPDATE CASCADE,
  CONSTRAINT `realisasi_id_user_foreign` FOREIGN KEY (`id_user`) REFERENCES `user` (`id_user`) ON UPDATE CASCADE
) ENGINE=InnoDB AUTO_INCREMENT=690 DEFAULT CHARSET=utf8mb4 COLLATE=utf8mb4_unicode_ci;
/*!40101 SET character_set_client = @saved_cs_client */;

--
-- Dumping data for table `realisasi`
--

LOCK TABLES `realisasi` WRITE;
/*!40000 ALTER TABLE `realisasi` DISABLE KEYS */;
INSERT INTO `realisasi` VALUES (1,1,NULL,2,8360,8708,96.00,'2026-01-27',NULL,'Valid',NULL,1,NULL,'2026-07-02 23:53:09','2026-07-02 23:53:09'),(2,2,NULL,2,7156,7951,90.00,'2026-01-24',NULL,'Valid',NULL,1,NULL,'2026-07-02 23:53:09','2026-07-02 23:53:09'),(3,3,NULL,2,6057,6057,100.00,'2026-01-21',NULL,'Valid',NULL,1,NULL,'2026-07-02 23:53:09','2026-07-02 23:53:09'),(4,1,NULL,2,6618,8708,76.00,'2026-02-27',NULL,'Valid',NULL,1,NULL,'2026-07-02 23:53:09','2026-07-02 23:53:09'),(5,2,NULL,2,5009,7951,63.00,'2026-02-23',NULL,'Valid',NULL,1,NULL,'2026-07-02 23:53:09','2026-07-02 23:53:09'),(6,3,NULL,2,4240,6057,70.00,'2026-02-27',NULL,'Valid',NULL,1,NULL,'2026-07-02 23:53:09','2026-07-02 23:53:09'),(7,1,NULL,2,8708,8708,100.00,'2026-03-24',NULL,'Valid',NULL,1,NULL,'2026-07-02 23:53:09','2026-07-02 23:53:09'),(8,2,NULL,2,7951,7951,100.00,'2026-03-24',NULL,'Valid',NULL,1,NULL,'2026-07-02 23:53:09','2026-07-02 23:53:09'),(9,3,NULL,2,5209,6057,86.00,'2026-03-28',NULL,'Valid',NULL,1,NULL,'2026-07-02 23:53:09','2026-07-02 23:53:09'),(10,1,NULL,2,5573,8708,64.00,'2026-04-26',NULL,'Valid',NULL,1,NULL,'2026-07-02 23:53:09','2026-07-02 23:53:09'),(11,2,NULL,2,5645,7951,71.00,'2026-04-28',NULL,'Valid',NULL,1,NULL,'2026-07-02 23:53:09','2026-07-02 23:53:09'),(12,3,NULL,2,4179,6057,68.99,'2026-04-25',NULL,'Valid',NULL,1,NULL,'2026-07-02 23:53:09','2026-07-02 23:53:09'),(13,1,NULL,2,7315,8708,84.00,'2026-05-28',NULL,'Valid',NULL,1,NULL,'2026-07-02 23:53:09','2026-07-02 23:53:09'),(14,2,NULL,2,6361,7951,80.00,'2026-05-28',NULL,'Valid',NULL,1,NULL,'2026-07-02 23:53:09','2026-07-02 23:53:09'),(15,3,NULL,2,4846,6057,80.01,'2026-05-24',NULL,'Valid',NULL,1,NULL,'2026-07-02 23:53:09','2026-07-02 23:53:09'),(16,1,NULL,2,8273,8708,95.00,'2026-06-24',NULL,'Valid',NULL,1,NULL,'2026-07-02 23:53:09','2026-07-02 23:53:09'),(17,2,NULL,2,7951,7951,100.00,'2026-06-24',NULL,'Valid',NULL,1,NULL,'2026-07-02 23:53:09','2026-07-02 23:53:09'),(18,3,NULL,2,5936,6057,98.00,'2026-06-28',NULL,'Valid',NULL,1,NULL,'2026-07-02 23:53:09','2026-07-02 23:53:09'),(19,1,NULL,2,522,8708,5.99,'2026-07-03',NULL,'Valid',NULL,1,NULL,'2026-07-02 23:53:09','2026-07-02 23:53:09'),(20,2,NULL,2,477,7951,6.00,'2026-07-02',NULL,'Valid',NULL,1,NULL,'2026-07-02 23:53:09','2026-07-02 23:53:09'),(21,4,NULL,73,18336,18336,100.00,'2026-01-27',NULL,'Valid',NULL,1,NULL,'2026-07-02 23:53:09','2026-07-02 23:53:09'),(22,5,NULL,73,15464,17775,87.00,'2026-01-20',NULL,'Valid',NULL,1,NULL,'2026-07-02 23:53:09','2026-07-02 23:53:09'),(23,6,NULL,73,18620,20021,93.00,'2026-01-20',NULL,'Valid',NULL,1,NULL,'2026-07-02 23:53:09','2026-07-02 23:53:09'),(24,4,NULL,73,16319,18336,89.00,'2026-02-27',NULL,'Valid',NULL,1,NULL,'2026-07-02 23:53:09','2026-07-02 23:53:09'),(25,5,NULL,73,14931,17775,84.00,'2026-02-27',NULL,'Valid',NULL,1,NULL,'2026-07-02 23:53:09','2026-07-02 23:53:09'),(26,6,NULL,73,17618,20021,88.00,'2026-02-27',NULL,'Valid',NULL,1,NULL,'2026-07-02 23:53:09','2026-07-02 23:53:09'),(27,4,NULL,73,18336,18336,100.00,'2026-03-28',NULL,'Valid',NULL,1,NULL,'2026-07-02 23:53:09','2026-07-02 23:53:09'),(28,5,NULL,73,17775,17775,100.00,'2026-03-24',NULL,'Valid',NULL,1,NULL,'2026-07-02 23:53:09','2026-07-02 23:53:09'),(29,6,NULL,73,17819,20021,89.00,'2026-03-21',NULL,'Valid',NULL,1,NULL,'2026-07-02 23:53:09','2026-07-02 23:53:09'),(30,4,NULL,73,11552,18336,63.00,'2026-04-22',NULL,'Valid',NULL,1,NULL,'2026-07-02 23:53:09','2026-07-02 23:53:09'),(31,5,NULL,73,13865,17775,78.00,'2026-04-25',NULL,'Valid',NULL,1,NULL,'2026-07-02 23:53:09','2026-07-02 23:53:09'),(32,6,NULL,73,11412,20021,57.00,'2026-04-25',NULL,'Valid',NULL,1,NULL,'2026-07-02 23:53:09','2026-07-02 23:53:09'),(33,4,NULL,73,15769,18336,86.00,'2026-05-22',NULL,'Valid',NULL,1,NULL,'2026-07-02 23:53:09','2026-07-02 23:53:09'),(34,5,NULL,73,17242,17775,97.00,'2026-05-25',NULL,'Valid',NULL,1,NULL,'2026-07-02 23:53:09','2026-07-02 23:53:09'),(35,6,NULL,73,16017,20021,80.00,'2026-05-20',NULL,'Valid',NULL,1,NULL,'2026-07-02 23:53:09','2026-07-02 23:53:09'),(36,4,NULL,73,12102,18336,66.00,'2026-06-26',NULL,'Valid',NULL,1,NULL,'2026-07-02 23:53:09','2026-07-02 23:53:09'),(37,5,NULL,73,12976,17775,73.00,'2026-06-23',NULL,'Valid',NULL,1,NULL,'2026-07-02 23:53:09','2026-07-02 23:53:09'),(38,6,NULL,73,16217,20021,81.00,'2026-06-24',NULL,'Valid',NULL,1,NULL,'2026-07-02 23:53:09','2026-07-02 23:53:09'),(39,7,NULL,74,11760,14886,79.00,'2026-01-22',NULL,'Valid',NULL,1,NULL,'2026-07-02 23:53:09','2026-07-02 23:53:09'),(40,8,NULL,74,13208,15913,83.00,'2026-01-25',NULL,'Valid',NULL,1,NULL,'2026-07-02 23:53:09','2026-07-02 23:53:09'),(41,9,NULL,74,15604,20532,76.00,'2026-01-25',NULL,'Valid',NULL,1,NULL,'2026-07-02 23:53:09','2026-07-02 23:53:09'),(42,7,NULL,74,13397,14886,90.00,'2026-02-27',NULL,'Valid',NULL,1,NULL,'2026-07-02 23:53:09','2026-07-02 23:53:09'),(43,8,NULL,74,11935,15913,75.00,'2026-02-28',NULL,'Valid',NULL,1,NULL,'2026-07-02 23:53:09','2026-07-02 23:53:09'),(44,9,NULL,74,16631,20532,81.00,'2026-02-24',NULL,'Valid',NULL,1,NULL,'2026-07-02 23:53:09','2026-07-02 23:53:09'),(45,7,NULL,74,14291,14886,96.00,'2026-03-27',NULL,'Valid',NULL,1,NULL,'2026-07-02 23:53:09','2026-07-02 23:53:09'),(46,8,NULL,74,15913,15913,100.00,'2026-03-21',NULL,'Valid',NULL,1,NULL,'2026-07-02 23:53:09','2026-07-02 23:53:09'),(47,9,NULL,74,18273,20532,89.00,'2026-03-20',NULL,'Valid',NULL,1,NULL,'2026-07-02 23:53:09','2026-07-02 23:53:09'),(48,7,NULL,74,11016,14886,74.00,'2026-04-25',NULL,'Valid',NULL,1,NULL,'2026-07-02 23:53:09','2026-07-02 23:53:09'),(49,8,NULL,74,13208,15913,83.00,'2026-04-23',NULL,'Valid',NULL,1,NULL,'2026-07-02 23:53:09','2026-07-02 23:53:09'),(50,9,NULL,74,16836,20532,82.00,'2026-04-28',NULL,'Valid',NULL,1,NULL,'2026-07-02 23:53:09','2026-07-02 23:53:09'),(51,7,NULL,74,14886,14886,100.00,'2026-05-28',NULL,'Valid',NULL,1,NULL,'2026-07-02 23:53:09','2026-07-02 23:53:09'),(52,8,NULL,74,14163,15913,89.00,'2026-05-21',NULL,'Valid',NULL,1,NULL,'2026-07-02 23:53:09','2026-07-02 23:53:09'),(53,9,NULL,74,20532,20532,100.00,'2026-05-22',NULL,'Valid',NULL,1,NULL,'2026-07-02 23:53:09','2026-07-02 23:53:09'),(54,7,NULL,74,12355,14886,83.00,'2026-06-22',NULL,'Valid',NULL,1,NULL,'2026-07-02 23:53:09','2026-07-02 23:53:09'),(55,8,NULL,74,10503,15913,66.00,'2026-06-23',NULL,'Valid',NULL,1,NULL,'2026-07-02 23:53:09','2026-07-02 23:53:09'),(56,9,NULL,74,16015,20532,78.00,'2026-06-27',NULL,'Valid',NULL,1,NULL,'2026-07-02 23:53:09','2026-07-02 23:53:09'),(57,10,NULL,75,7734,8141,95.00,'2026-01-24',NULL,'Valid',NULL,1,NULL,'2026-07-02 23:53:09','2026-07-02 23:53:09'),(58,11,NULL,75,5703,7604,75.00,'2026-01-23',NULL,'Valid',NULL,1,NULL,'2026-07-02 23:53:09','2026-07-02 23:53:09'),(59,12,NULL,75,10649,11093,96.00,'2026-01-25',NULL,'Valid',NULL,1,NULL,'2026-07-02 23:53:09','2026-07-02 23:53:09'),(60,10,NULL,75,7001,8141,86.00,'2026-02-28',NULL,'Valid',NULL,1,NULL,'2026-07-02 23:53:09','2026-07-02 23:53:09'),(61,11,NULL,75,6463,7604,84.99,'2026-02-24',NULL,'Valid',NULL,1,NULL,'2026-07-02 23:53:09','2026-07-02 23:53:09'),(62,12,NULL,75,9540,11093,86.00,'2026-02-22',NULL,'Valid',NULL,1,NULL,'2026-07-02 23:53:09','2026-07-02 23:53:09'),(63,10,NULL,75,6269,8141,77.01,'2026-03-21',NULL,'Valid',NULL,1,NULL,'2026-07-02 23:53:09','2026-07-02 23:53:09'),(64,11,NULL,75,6615,7604,86.99,'2026-03-25',NULL,'Valid',NULL,1,NULL,'2026-07-02 23:53:09','2026-07-02 23:53:09'),(65,12,NULL,75,9207,11093,83.00,'2026-03-27',NULL,'Valid',NULL,1,NULL,'2026-07-02 23:53:09','2026-07-02 23:53:09'),(66,10,NULL,75,6594,8141,81.00,'2026-04-27',NULL,'Valid',NULL,1,NULL,'2026-07-02 23:53:09','2026-07-02 23:53:09'),(67,11,NULL,75,6692,7604,88.01,'2026-04-21',NULL,'Valid',NULL,1,NULL,'2026-07-02 23:53:09','2026-07-02 23:53:09'),(68,12,NULL,75,9318,11093,84.00,'2026-04-24',NULL,'Valid',NULL,1,NULL,'2026-07-02 23:53:09','2026-07-02 23:53:09'),(69,10,NULL,75,7245,8141,88.99,'2026-05-25',NULL,'Valid',NULL,1,NULL,'2026-07-02 23:53:09','2026-07-02 23:53:09'),(70,11,NULL,75,6159,7604,81.00,'2026-05-22',NULL,'Valid',NULL,1,NULL,'2026-07-02 23:53:09','2026-07-02 23:53:09'),(71,12,NULL,75,8542,11093,77.00,'2026-05-23',NULL,'Valid',NULL,1,NULL,'2026-07-02 23:53:09','2026-07-02 23:53:09'),(72,10,NULL,75,7653,8141,94.01,'2026-06-20',NULL,'Valid',NULL,1,NULL,'2026-07-02 23:53:09','2026-07-02 23:53:09'),(73,11,NULL,75,7224,7604,95.00,'2026-06-24',NULL,'Valid',NULL,1,NULL,'2026-07-02 23:53:09','2026-07-02 23:53:09'),(74,12,NULL,75,7987,11093,72.00,'2026-06-23',NULL,'Valid',NULL,1,NULL,'2026-07-02 23:53:09','2026-07-02 23:53:09'),(75,10,NULL,75,326,8141,4.00,'2026-07-02',NULL,'Valid',NULL,1,NULL,'2026-07-02 23:53:09','2026-07-02 23:53:09'),(76,11,NULL,75,380,7604,5.00,'2026-07-02',NULL,'Valid',NULL,1,NULL,'2026-07-02 23:53:09','2026-07-02 23:53:09'),(77,13,NULL,76,15181,21085,72.00,'2026-01-20',NULL,'Valid',NULL,1,NULL,'2026-07-02 23:53:09','2026-07-02 23:53:09'),(78,14,NULL,76,15049,22801,66.00,'2026-01-20',NULL,'Valid',NULL,1,NULL,'2026-07-02 23:53:09','2026-07-02 23:53:09'),(79,15,NULL,76,18096,29666,61.00,'2026-01-22',NULL,'Valid',NULL,1,NULL,'2026-07-02 23:53:09','2026-07-02 23:53:09'),(80,13,NULL,76,18977,21085,90.00,'2026-02-22',NULL,'Valid',NULL,1,NULL,'2026-07-02 23:53:09','2026-07-02 23:53:09'),(81,14,NULL,76,21433,22801,94.00,'2026-02-25',NULL,'Valid',NULL,1,NULL,'2026-07-02 23:53:09','2026-07-02 23:53:09'),(82,15,NULL,76,28183,29666,95.00,'2026-02-24',NULL,'Valid',NULL,1,NULL,'2026-07-02 23:53:09','2026-07-02 23:53:09'),(83,13,NULL,76,17079,21085,81.00,'2026-03-20',NULL,'Valid',NULL,1,NULL,'2026-07-02 23:53:09','2026-07-02 23:53:09'),(84,14,NULL,76,17785,22801,78.00,'2026-03-23',NULL,'Valid',NULL,1,NULL,'2026-07-02 23:53:09','2026-07-02 23:53:09'),(85,15,NULL,76,17503,29666,59.00,'2026-03-25',NULL,'Valid',NULL,1,NULL,'2026-07-02 23:53:09','2026-07-02 23:53:09'),(86,13,NULL,76,17290,21085,82.00,'2026-04-21',NULL,'Valid',NULL,1,NULL,'2026-07-02 23:53:09','2026-07-02 23:53:09'),(87,14,NULL,76,18925,22801,83.00,'2026-04-26',NULL,'Valid',NULL,1,NULL,'2026-07-02 23:53:09','2026-07-02 23:53:09'),(88,15,NULL,76,24029,29666,81.00,'2026-04-20',NULL,'Valid',NULL,1,NULL,'2026-07-02 23:53:09','2026-07-02 23:53:09'),(89,13,NULL,76,15814,21085,75.00,'2026-05-24',NULL,'Valid',NULL,1,NULL,'2026-07-02 23:53:09','2026-07-02 23:53:09'),(90,14,NULL,76,17329,22801,76.00,'2026-05-21',NULL,'Valid',NULL,1,NULL,'2026-07-02 23:53:09','2026-07-02 23:53:09'),(91,15,NULL,76,21360,29666,72.00,'2026-05-25',NULL,'Valid',NULL,1,NULL,'2026-07-02 23:53:09','2026-07-02 23:53:09'),(92,13,NULL,76,21085,21085,100.00,'2026-06-27',NULL,'Valid',NULL,1,NULL,'2026-07-02 23:53:09','2026-07-02 23:53:09'),(93,14,NULL,76,22801,22801,100.00,'2026-06-22',NULL,'Valid',NULL,1,NULL,'2026-07-02 23:53:09','2026-07-02 23:53:09'),(94,15,NULL,76,29073,29666,98.00,'2026-06-21',NULL,'Valid',NULL,1,NULL,'2026-07-02 23:53:09','2026-07-02 23:53:09'),(95,14,NULL,76,2052,22801,9.00,'2026-07-03',NULL,'Valid',NULL,1,NULL,'2026-07-02 23:53:09','2026-07-02 23:53:09'),(96,16,NULL,77,6953,9524,73.01,'2026-01-28',NULL,'Valid',NULL,1,NULL,'2026-07-02 23:53:09','2026-07-02 23:53:09'),(97,17,NULL,77,6358,8831,72.00,'2026-01-21',NULL,'Valid',NULL,1,NULL,'2026-07-02 23:53:09','2026-07-02 23:53:09'),(98,18,NULL,77,6629,7619,87.01,'2026-01-23',NULL,'Valid',NULL,1,NULL,'2026-07-02 23:53:09','2026-07-02 23:53:09'),(99,16,NULL,77,8476,9524,89.00,'2026-02-25',NULL,'Valid',NULL,1,NULL,'2026-07-02 23:53:09','2026-07-02 23:53:09'),(100,17,NULL,77,7771,8831,88.00,'2026-02-25',NULL,'Valid',NULL,1,NULL,'2026-07-02 23:53:09','2026-07-02 23:53:09'),(101,18,NULL,77,7390,7619,96.99,'2026-02-28',NULL,'Valid',NULL,1,NULL,'2026-07-02 23:53:09','2026-07-02 23:53:09'),(102,16,NULL,77,7810,9524,82.00,'2026-03-28',NULL,'Valid',NULL,1,NULL,'2026-07-02 23:53:09','2026-07-02 23:53:09'),(103,17,NULL,77,8654,8831,98.00,'2026-03-27',NULL,'Valid',NULL,1,NULL,'2026-07-02 23:53:09','2026-07-02 23:53:09'),(104,18,NULL,77,6629,7619,87.01,'2026-03-27',NULL,'Valid',NULL,1,NULL,'2026-07-02 23:53:09','2026-07-02 23:53:09'),(105,16,NULL,77,9238,9524,97.00,'2026-04-26',NULL,'Valid',NULL,1,NULL,'2026-07-02 23:53:09','2026-07-02 23:53:09'),(106,17,NULL,77,7860,8831,89.00,'2026-04-28',NULL,'Valid',NULL,1,NULL,'2026-07-02 23:53:09','2026-07-02 23:53:09'),(107,18,NULL,77,6629,7619,87.01,'2026-04-23',NULL,'Valid',NULL,1,NULL,'2026-07-02 23:53:09','2026-07-02 23:53:09'),(108,16,NULL,77,6000,9524,63.00,'2026-05-25',NULL,'Valid',NULL,1,NULL,'2026-07-02 23:53:09','2026-07-02 23:53:09'),(109,17,NULL,77,6358,8831,72.00,'2026-05-26',NULL,'Valid',NULL,1,NULL,'2026-07-02 23:53:09','2026-07-02 23:53:09'),(110,18,NULL,77,5333,7619,70.00,'2026-05-21',NULL,'Valid',NULL,1,NULL,'2026-07-02 23:53:09','2026-07-02 23:53:09'),(111,16,NULL,77,6095,9524,64.00,'2026-06-26',NULL,'Valid',NULL,1,NULL,'2026-07-02 23:53:09','2026-07-02 23:53:09'),(112,17,NULL,77,7418,8831,84.00,'2026-06-23',NULL,'Valid',NULL,1,NULL,'2026-07-02 23:53:09','2026-07-02 23:53:09'),(113,18,NULL,77,5867,7619,77.00,'2026-06-27',NULL,'Valid',NULL,1,NULL,'2026-07-02 23:53:09','2026-07-02 23:53:09'),(114,16,NULL,77,286,9524,3.00,'2026-07-01',NULL,'Valid',NULL,1,NULL,'2026-07-02 23:53:09','2026-07-02 23:53:09'),(115,19,NULL,78,5384,6992,77.00,'2026-01-25',NULL,'Valid',NULL,1,NULL,'2026-07-02 23:53:09','2026-07-02 23:53:09'),(116,20,NULL,78,4629,6012,77.00,'2026-01-20',NULL,'Valid',NULL,1,NULL,'2026-07-02 23:53:09','2026-07-02 23:53:09'),(117,21,NULL,78,4554,6600,69.00,'2026-01-27',NULL,'Valid',NULL,1,NULL,'2026-07-02 23:53:09','2026-07-02 23:53:09'),(118,19,NULL,78,4545,6992,65.00,'2026-02-21',NULL,'Valid',NULL,1,NULL,'2026-07-02 23:53:09','2026-07-02 23:53:09'),(119,20,NULL,78,4148,6012,69.00,'2026-02-25',NULL,'Valid',NULL,1,NULL,'2026-07-02 23:53:09','2026-07-02 23:53:09'),(120,21,NULL,78,5610,6600,85.00,'2026-02-28',NULL,'Valid',NULL,1,NULL,'2026-07-02 23:53:09','2026-07-02 23:53:09'),(121,19,NULL,78,6083,6992,87.00,'2026-03-28',NULL,'Valid',NULL,1,NULL,'2026-07-02 23:53:09','2026-07-02 23:53:09'),(122,20,NULL,78,5170,6012,85.99,'2026-03-21',NULL,'Valid',NULL,1,NULL,'2026-07-02 23:53:09','2026-07-02 23:53:09'),(123,21,NULL,78,5940,6600,90.00,'2026-03-22',NULL,'Valid',NULL,1,NULL,'2026-07-02 23:53:09','2026-07-02 23:53:09'),(124,19,NULL,78,6223,6992,89.00,'2026-04-27',NULL,'Valid',NULL,1,NULL,'2026-07-02 23:53:09','2026-07-02 23:53:09'),(125,20,NULL,78,4449,6012,74.00,'2026-04-28',NULL,'Valid',NULL,1,NULL,'2026-07-02 23:53:09','2026-07-02 23:53:09'),(126,21,NULL,78,4224,6600,64.00,'2026-04-24',NULL,'Valid',NULL,1,NULL,'2026-07-02 23:53:09','2026-07-02 23:53:09'),(127,19,NULL,78,5314,6992,76.00,'2026-05-23',NULL,'Valid',NULL,1,NULL,'2026-07-02 23:53:09','2026-07-02 23:53:09'),(128,20,NULL,78,4269,6012,71.01,'2026-05-27',NULL,'Valid',NULL,1,NULL,'2026-07-02 23:53:09','2026-07-02 23:53:09'),(129,21,NULL,78,4422,6600,67.00,'2026-05-21',NULL,'Valid',NULL,1,NULL,'2026-07-02 23:53:09','2026-07-02 23:53:09'),(130,19,NULL,78,6992,6992,100.00,'2026-06-24',NULL,'Valid',NULL,1,NULL,'2026-07-02 23:53:09','2026-07-02 23:53:09'),(131,20,NULL,78,5291,6012,88.01,'2026-06-22',NULL,'Valid',NULL,1,NULL,'2026-07-02 23:53:09','2026-07-02 23:53:09'),(132,21,NULL,78,5544,6600,84.00,'2026-06-26',NULL,'Valid',NULL,1,NULL,'2026-07-02 23:53:09','2026-07-02 23:53:09'),(133,20,NULL,78,421,6012,7.00,'2026-07-02',NULL,'Valid',NULL,1,NULL,'2026-07-02 23:53:09','2026-07-02 23:53:09'),(134,22,NULL,79,21368,21804,98.00,'2026-01-23',NULL,'Valid',NULL,1,NULL,'2026-07-02 23:53:09','2026-07-02 23:53:09'),(135,23,NULL,79,16794,19528,86.00,'2026-01-27',NULL,'Valid',NULL,1,NULL,'2026-07-02 23:53:09','2026-07-02 23:53:09'),(136,24,NULL,79,14459,15547,93.00,'2026-01-22',NULL,'Valid',NULL,1,NULL,'2026-07-02 23:53:09','2026-07-02 23:53:09'),(137,22,NULL,79,20714,21804,95.00,'2026-02-27',NULL,'Valid',NULL,1,NULL,'2026-07-02 23:53:09','2026-07-02 23:53:09'),(138,23,NULL,79,15037,19528,77.00,'2026-02-21',NULL,'Valid',NULL,1,NULL,'2026-07-02 23:53:09','2026-07-02 23:53:09'),(139,24,NULL,79,13370,15547,86.00,'2026-02-20',NULL,'Valid',NULL,1,NULL,'2026-07-02 23:53:09','2026-07-02 23:53:09'),(140,22,NULL,79,21804,21804,100.00,'2026-03-21',NULL,'Valid',NULL,1,NULL,'2026-07-02 23:53:09','2026-07-02 23:53:09'),(141,23,NULL,79,19528,19528,100.00,'2026-03-23',NULL,'Valid',NULL,1,NULL,'2026-07-02 23:53:09','2026-07-02 23:53:09'),(142,24,NULL,79,14614,15547,94.00,'2026-03-23',NULL,'Valid',NULL,1,NULL,'2026-07-02 23:53:09','2026-07-02 23:53:09'),(143,22,NULL,79,17443,21804,80.00,'2026-04-27',NULL,'Valid',NULL,1,NULL,'2026-07-02 23:53:09','2026-07-02 23:53:09'),(144,23,NULL,79,16404,19528,84.00,'2026-04-23',NULL,'Valid',NULL,1,NULL,'2026-07-02 23:53:09','2026-07-02 23:53:09'),(145,24,NULL,79,11194,15547,72.00,'2026-04-24',NULL,'Valid',NULL,1,NULL,'2026-07-02 23:53:09','2026-07-02 23:53:09'),(146,22,NULL,79,21804,21804,100.00,'2026-05-25',NULL,'Valid',NULL,1,NULL,'2026-07-02 23:53:09','2026-07-02 23:53:09'),(147,23,NULL,79,19528,19528,100.00,'2026-05-22',NULL,'Valid',NULL,1,NULL,'2026-07-02 23:53:09','2026-07-02 23:53:09'),(148,24,NULL,79,14614,15547,94.00,'2026-05-23',NULL,'Valid',NULL,1,NULL,'2026-07-02 23:53:09','2026-07-02 23:53:09'),(149,22,NULL,79,17879,21804,82.00,'2026-06-24',NULL,'Valid',NULL,1,NULL,'2026-07-02 23:53:09','2026-07-02 23:53:09'),(150,23,NULL,79,15427,19528,79.00,'2026-06-20',NULL,'Valid',NULL,1,NULL,'2026-07-02 23:53:09','2026-07-02 23:53:09'),(151,24,NULL,79,12904,15547,83.00,'2026-06-26',NULL,'Valid',NULL,1,NULL,'2026-07-02 23:53:09','2026-07-02 23:53:09'),(152,22,NULL,79,1962,21804,9.00,'2026-07-02',NULL,'Valid',NULL,1,NULL,'2026-07-02 23:53:09','2026-07-02 23:53:09'),(153,23,NULL,79,1758,19528,9.00,'2026-07-01',NULL,'Valid',NULL,1,NULL,'2026-07-02 23:53:09','2026-07-02 23:53:09'),(154,25,NULL,80,1488,2125,70.02,'2026-01-22',NULL,'Valid',NULL,1,NULL,'2026-07-02 23:53:09','2026-07-02 23:53:09'),(155,26,NULL,80,1434,2049,69.99,'2026-01-26',NULL,'Valid',NULL,1,NULL,'2026-07-02 23:53:09','2026-07-02 23:53:09'),(156,27,NULL,80,1048,1519,68.99,'2026-01-21',NULL,'Valid',NULL,1,NULL,'2026-07-02 23:53:09','2026-07-02 23:53:09'),(157,25,NULL,80,1424,2125,67.01,'2026-02-28',NULL,'Valid',NULL,1,NULL,'2026-07-02 23:53:09','2026-07-02 23:53:09'),(158,26,NULL,80,1598,2049,77.99,'2026-02-20',NULL,'Valid',NULL,1,NULL,'2026-07-02 23:53:09','2026-07-02 23:53:09'),(159,27,NULL,80,1063,1519,69.98,'2026-02-23',NULL,'Valid',NULL,1,NULL,'2026-07-02 23:53:09','2026-07-02 23:53:09'),(160,25,NULL,80,1742,2125,81.98,'2026-03-28',NULL,'Valid',NULL,1,NULL,'2026-07-02 23:53:09','2026-07-02 23:53:09'),(161,26,NULL,80,1905,2049,92.97,'2026-03-28',NULL,'Valid',NULL,1,NULL,'2026-07-02 23:53:09','2026-07-02 23:53:09'),(162,27,NULL,80,1519,1519,100.00,'2026-03-20',NULL,'Valid',NULL,1,NULL,'2026-07-02 23:53:09','2026-07-02 23:53:09'),(163,25,NULL,80,1594,2125,75.01,'2026-04-28',NULL,'Valid',NULL,1,NULL,'2026-07-02 23:53:09','2026-07-02 23:53:09'),(164,26,NULL,80,1352,2049,65.98,'2026-04-24',NULL,'Valid',NULL,1,NULL,'2026-07-02 23:53:09','2026-07-02 23:53:09'),(165,27,NULL,80,1154,1519,75.97,'2026-04-20',NULL,'Valid',NULL,1,NULL,'2026-07-02 23:53:09','2026-07-02 23:53:09'),(166,25,NULL,80,1828,2125,86.02,'2026-05-26',NULL,'Valid',NULL,1,NULL,'2026-07-02 23:53:09','2026-07-02 23:53:09'),(167,26,NULL,80,1516,2049,73.99,'2026-05-21',NULL,'Valid',NULL,1,NULL,'2026-07-02 23:53:09','2026-07-02 23:53:09'),(168,27,NULL,80,1382,1519,90.98,'2026-05-21',NULL,'Valid',NULL,1,NULL,'2026-07-02 23:53:09','2026-07-02 23:53:09'),(169,25,NULL,80,1891,2125,88.99,'2026-06-21',NULL,'Valid',NULL,1,NULL,'2026-07-02 23:53:09','2026-07-02 23:53:09'),(170,26,NULL,80,1926,2049,94.00,'2026-06-26',NULL,'Valid',NULL,1,NULL,'2026-07-02 23:53:09','2026-07-02 23:53:09'),(171,27,NULL,80,1306,1519,85.98,'2026-06-23',NULL,'Valid',NULL,1,NULL,'2026-07-02 23:53:09','2026-07-02 23:53:09'),(172,25,NULL,80,128,2125,6.02,'2026-07-03',NULL,'Valid',NULL,1,NULL,'2026-07-02 23:53:09','2026-07-02 23:53:09'),(173,26,NULL,80,184,2049,8.98,'2026-07-03',NULL,'Valid',NULL,1,NULL,'2026-07-02 23:53:09','2026-07-02 23:53:09'),(174,27,NULL,80,122,1519,8.03,'2026-07-03',NULL,'Valid',NULL,1,NULL,'2026-07-02 23:53:09','2026-07-02 23:53:09'),(175,28,NULL,81,6856,10233,67.00,'2026-01-24',NULL,'Valid',NULL,1,NULL,'2026-07-02 23:53:09','2026-07-02 23:53:09'),(176,29,NULL,81,5723,8542,67.00,'2026-01-21',NULL,'Valid',NULL,1,NULL,'2026-07-02 23:53:09','2026-07-02 23:53:09'),(177,30,NULL,81,5306,7919,67.00,'2026-01-23',NULL,'Valid',NULL,1,NULL,'2026-07-02 23:53:09','2026-07-02 23:53:09'),(178,28,NULL,81,9517,10233,93.00,'2026-02-24',NULL,'Valid',NULL,1,NULL,'2026-07-02 23:53:09','2026-07-02 23:53:09'),(179,29,NULL,81,6321,8542,74.00,'2026-02-23',NULL,'Valid',NULL,1,NULL,'2026-07-02 23:53:09','2026-07-02 23:53:09'),(180,30,NULL,81,6652,7919,84.00,'2026-02-24',NULL,'Valid',NULL,1,NULL,'2026-07-02 23:53:09','2026-07-02 23:53:09'),(181,28,NULL,81,8391,10233,82.00,'2026-03-24',NULL,'Valid',NULL,1,NULL,'2026-07-02 23:53:09','2026-07-02 23:53:09'),(182,29,NULL,81,6748,8542,79.00,'2026-03-21',NULL,'Valid',NULL,1,NULL,'2026-07-02 23:53:09','2026-07-02 23:53:09'),(183,30,NULL,81,5860,7919,74.00,'2026-03-24',NULL,'Valid',NULL,1,NULL,'2026-07-02 23:53:09','2026-07-02 23:53:09'),(184,28,NULL,81,10028,10233,98.00,'2026-04-27',NULL,'Valid',NULL,1,NULL,'2026-07-02 23:53:09','2026-07-02 23:53:09'),(185,29,NULL,81,8115,8542,95.00,'2026-04-26',NULL,'Valid',NULL,1,NULL,'2026-07-02 23:53:09','2026-07-02 23:53:09'),(186,30,NULL,81,7919,7919,100.00,'2026-04-21',NULL,'Valid',NULL,1,NULL,'2026-07-02 23:53:09','2026-07-02 23:53:09'),(187,28,NULL,81,6754,10233,66.00,'2026-05-27',NULL,'Valid',NULL,1,NULL,'2026-07-02 23:53:09','2026-07-02 23:53:09'),(188,29,NULL,81,6065,8542,71.00,'2026-05-27',NULL,'Valid',NULL,1,NULL,'2026-07-02 23:53:09','2026-07-02 23:53:09'),(189,30,NULL,81,6256,7919,79.00,'2026-05-23',NULL,'Valid',NULL,1,NULL,'2026-07-02 23:53:09','2026-07-02 23:53:09'),(190,28,NULL,81,8391,10233,82.00,'2026-06-21',NULL,'Valid',NULL,1,NULL,'2026-07-02 23:53:09','2026-07-02 23:53:09'),(191,29,NULL,81,7859,8542,92.00,'2026-06-25',NULL,'Valid',NULL,1,NULL,'2026-07-02 23:53:09','2026-07-02 23:53:09'),(192,30,NULL,81,6494,7919,82.01,'2026-06-21',NULL,'Valid',NULL,1,NULL,'2026-07-02 23:53:09','2026-07-02 23:53:09'),(193,28,NULL,81,921,10233,9.00,'2026-07-01',NULL,'Valid',NULL,1,NULL,'2026-07-02 23:53:09','2026-07-02 23:53:09'),(194,30,NULL,81,238,7919,3.01,'2026-07-01',NULL,'Valid',NULL,1,NULL,'2026-07-02 23:53:10','2026-07-02 23:53:10'),(195,31,NULL,82,11933,14916,80.00,'2026-01-20',NULL,'Valid',NULL,1,NULL,'2026-07-02 23:53:10','2026-07-02 23:53:10'),(196,32,NULL,82,16145,20181,80.00,'2026-01-25',NULL,'Valid',NULL,1,NULL,'2026-07-02 23:53:10','2026-07-02 23:53:10'),(197,33,NULL,82,16145,17549,92.00,'2026-01-25',NULL,'Valid',NULL,1,NULL,'2026-07-02 23:53:10','2026-07-02 23:53:10'),(198,31,NULL,82,10590,14916,71.00,'2026-02-27',NULL,'Valid',NULL,1,NULL,'2026-07-02 23:53:10','2026-07-02 23:53:10'),(199,32,NULL,82,15539,20181,77.00,'2026-02-23',NULL,'Valid',NULL,1,NULL,'2026-07-02 23:53:10','2026-07-02 23:53:10'),(200,33,NULL,82,11056,17549,63.00,'2026-02-23',NULL,'Valid',NULL,1,NULL,'2026-07-02 23:53:10','2026-07-02 23:53:10'),(201,31,NULL,82,12529,14916,84.00,'2026-03-23',NULL,'Valid',NULL,1,NULL,'2026-07-02 23:53:10','2026-07-02 23:53:10'),(202,32,NULL,82,16548,20181,82.00,'2026-03-23',NULL,'Valid',NULL,1,NULL,'2026-07-02 23:53:10','2026-07-02 23:53:10'),(203,33,NULL,82,11933,17549,68.00,'2026-03-23',NULL,'Valid',NULL,1,NULL,'2026-07-02 23:53:10','2026-07-02 23:53:10'),(204,31,NULL,82,11336,14916,76.00,'2026-04-26',NULL,'Valid',NULL,1,NULL,'2026-07-02 23:53:10','2026-07-02 23:53:10'),(205,32,NULL,82,13118,20181,65.00,'2026-04-24',NULL,'Valid',NULL,1,NULL,'2026-07-02 23:53:10','2026-07-02 23:53:10'),(206,33,NULL,82,13688,17549,78.00,'2026-04-28',NULL,'Valid',NULL,1,NULL,'2026-07-02 23:53:10','2026-07-02 23:53:10'),(207,31,NULL,82,10740,14916,72.00,'2026-05-24',NULL,'Valid',NULL,1,NULL,'2026-07-02 23:53:10','2026-07-02 23:53:10'),(208,32,NULL,82,17759,20181,88.00,'2026-05-25',NULL,'Valid',NULL,1,NULL,'2026-07-02 23:53:10','2026-07-02 23:53:10'),(209,33,NULL,82,16145,17549,92.00,'2026-05-20',NULL,'Valid',NULL,1,NULL,'2026-07-02 23:53:10','2026-07-02 23:53:10'),(210,31,NULL,82,14618,14916,98.00,'2026-06-22',NULL,'Valid',NULL,1,NULL,'2026-07-02 23:53:10','2026-07-02 23:53:10'),(211,32,NULL,82,17961,20181,89.00,'2026-06-27',NULL,'Valid',NULL,1,NULL,'2026-07-02 23:53:10','2026-07-02 23:53:10'),(212,33,NULL,82,17549,17549,100.00,'2026-06-26',NULL,'Valid',NULL,1,NULL,'2026-07-02 23:53:10','2026-07-02 23:53:10'),(213,31,NULL,82,1342,14916,9.00,'2026-07-01',NULL,'Valid',NULL,1,NULL,'2026-07-02 23:53:10','2026-07-02 23:53:10'),(214,33,NULL,82,702,17549,4.00,'2026-07-01',NULL,'Valid',NULL,1,NULL,'2026-07-02 23:53:10','2026-07-02 23:53:10'),(215,34,NULL,83,21325,26006,82.00,'2026-01-21',NULL,'Valid',NULL,1,NULL,'2026-07-02 23:53:10','2026-07-02 23:53:10'),(216,35,NULL,83,18760,27188,69.00,'2026-01-21',NULL,'Valid',NULL,1,NULL,'2026-07-02 23:53:10','2026-07-02 23:53:10'),(217,36,NULL,83,28724,35462,81.00,'2026-01-26',NULL,'Valid',NULL,1,NULL,'2026-07-02 23:53:10','2026-07-02 23:53:10'),(218,34,NULL,83,21325,26006,82.00,'2026-02-22',NULL,'Valid',NULL,1,NULL,'2026-07-02 23:53:10','2026-07-02 23:53:10'),(219,35,NULL,83,22566,27188,83.00,'2026-02-21',NULL,'Valid',NULL,1,NULL,'2026-07-02 23:53:10','2026-07-02 23:53:10'),(220,36,NULL,83,28724,35462,81.00,'2026-02-21',NULL,'Valid',NULL,1,NULL,'2026-07-02 23:53:10','2026-07-02 23:53:10'),(221,34,NULL,83,22365,26006,86.00,'2026-03-24',NULL,'Valid',NULL,1,NULL,'2026-07-02 23:53:10','2026-07-02 23:53:10'),(222,35,NULL,83,17128,27188,63.00,'2026-03-23',NULL,'Valid',NULL,1,NULL,'2026-07-02 23:53:10','2026-07-02 23:53:10'),(223,36,NULL,83,24469,35462,69.00,'2026-03-22',NULL,'Valid',NULL,1,NULL,'2026-07-02 23:53:10','2026-07-02 23:53:10'),(224,34,NULL,83,25226,26006,97.00,'2026-04-28',NULL,'Valid',NULL,1,NULL,'2026-07-02 23:53:10','2026-07-02 23:53:10'),(225,35,NULL,83,21479,27188,79.00,'2026-04-27',NULL,'Valid',NULL,1,NULL,'2026-07-02 23:53:10','2026-07-02 23:53:10'),(226,36,NULL,83,25533,35462,72.00,'2026-04-23',NULL,'Valid',NULL,1,NULL,'2026-07-02 23:53:10','2026-07-02 23:53:10'),(227,34,NULL,83,26006,26006,100.00,'2026-05-24',NULL,'Valid',NULL,1,NULL,'2026-07-02 23:53:10','2026-07-02 23:53:10'),(228,35,NULL,83,26372,27188,97.00,'2026-05-22',NULL,'Valid',NULL,1,NULL,'2026-07-02 23:53:10','2026-07-02 23:53:10'),(229,36,NULL,83,32980,35462,93.00,'2026-05-22',NULL,'Valid',NULL,1,NULL,'2026-07-02 23:53:10','2026-07-02 23:53:10'),(230,34,NULL,83,18724,26006,72.00,'2026-06-28',NULL,'Valid',NULL,1,NULL,'2026-07-02 23:53:10','2026-07-02 23:53:10'),(231,35,NULL,83,22838,27188,84.00,'2026-06-28',NULL,'Valid',NULL,1,NULL,'2026-07-02 23:53:10','2026-07-02 23:53:10'),(232,36,NULL,83,28015,35462,79.00,'2026-06-23',NULL,'Valid',NULL,1,NULL,'2026-07-02 23:53:10','2026-07-02 23:53:10'),(233,36,NULL,83,3192,35462,9.00,'2026-07-02',NULL,'Valid',NULL,1,NULL,'2026-07-02 23:53:10','2026-07-02 23:53:10'),(234,37,NULL,84,10363,15467,67.00,'2026-01-22',NULL,'Valid',NULL,1,NULL,'2026-07-02 23:53:10','2026-07-02 23:53:10'),(235,38,NULL,84,13910,15989,87.00,'2026-01-20',NULL,'Valid',NULL,1,NULL,'2026-07-02 23:53:10','2026-07-02 23:53:10'),(236,39,NULL,84,16338,20681,79.00,'2026-01-24',NULL,'Valid',NULL,1,NULL,'2026-07-02 23:53:10','2026-07-02 23:53:10'),(237,37,NULL,84,13611,15467,88.00,'2026-02-28',NULL,'Valid',NULL,1,NULL,'2026-07-02 23:53:10','2026-07-02 23:53:10'),(238,38,NULL,84,14550,15989,91.00,'2026-02-20',NULL,'Valid',NULL,1,NULL,'2026-07-02 23:53:10','2026-07-02 23:53:10'),(239,39,NULL,84,16752,20681,81.00,'2026-02-21',NULL,'Valid',NULL,1,NULL,'2026-07-02 23:53:10','2026-07-02 23:53:10'),(240,37,NULL,84,11600,15467,75.00,'2026-03-21',NULL,'Valid',NULL,1,NULL,'2026-07-02 23:53:10','2026-07-02 23:53:10'),(241,38,NULL,84,9753,15989,61.00,'2026-03-23',NULL,'Valid',NULL,1,NULL,'2026-07-02 23:53:10','2026-07-02 23:53:10'),(242,39,NULL,84,16131,20681,78.00,'2026-03-21',NULL,'Valid',NULL,1,NULL,'2026-07-02 23:53:10','2026-07-02 23:53:10'),(243,37,NULL,84,13920,15467,90.00,'2026-04-23',NULL,'Valid',NULL,1,NULL,'2026-07-02 23:53:10','2026-07-02 23:53:10'),(244,38,NULL,84,15030,15989,94.00,'2026-04-24',NULL,'Valid',NULL,1,NULL,'2026-07-02 23:53:10','2026-07-02 23:53:10'),(245,39,NULL,84,17992,20681,87.00,'2026-04-23',NULL,'Valid',NULL,1,NULL,'2026-07-02 23:53:10','2026-07-02 23:53:10'),(246,37,NULL,84,10518,15467,68.00,'2026-05-20',NULL,'Valid',NULL,1,NULL,'2026-07-02 23:53:10','2026-07-02 23:53:10'),(247,38,NULL,84,9593,15989,60.00,'2026-05-22',NULL,'Valid',NULL,1,NULL,'2026-07-02 23:53:10','2026-07-02 23:53:10'),(248,39,NULL,84,12822,20681,62.00,'2026-05-24',NULL,'Valid',NULL,1,NULL,'2026-07-02 23:53:10','2026-07-02 23:53:10'),(249,37,NULL,84,13456,15467,87.00,'2026-06-21',NULL,'Valid',NULL,1,NULL,'2026-07-02 23:53:10','2026-07-02 23:53:10'),(250,38,NULL,84,14070,15989,88.00,'2026-06-22',NULL,'Valid',NULL,1,NULL,'2026-07-02 23:53:10','2026-07-02 23:53:10'),(251,39,NULL,84,16958,20681,82.00,'2026-06-24',NULL,'Valid',NULL,1,NULL,'2026-07-02 23:53:10','2026-07-02 23:53:10'),(252,40,NULL,85,17793,17973,99.00,'2026-01-22',NULL,'Valid',NULL,1,NULL,'2026-07-02 23:53:10','2026-07-02 23:53:10'),(253,41,NULL,85,16589,20480,81.00,'2026-01-20',NULL,'Valid',NULL,1,NULL,'2026-07-02 23:53:10','2026-07-02 23:53:10'),(254,42,NULL,85,20121,24242,83.00,'2026-01-21',NULL,'Valid',NULL,1,NULL,'2026-07-02 23:53:10','2026-07-02 23:53:10'),(255,40,NULL,85,14558,17973,81.00,'2026-02-26',NULL,'Valid',NULL,1,NULL,'2026-07-02 23:53:10','2026-07-02 23:53:10'),(256,41,NULL,85,18022,20480,88.00,'2026-02-26',NULL,'Valid',NULL,1,NULL,'2026-07-02 23:53:10','2026-07-02 23:53:10'),(257,42,NULL,85,19878,24242,82.00,'2026-02-21',NULL,'Valid',NULL,1,NULL,'2026-07-02 23:53:10','2026-07-02 23:53:10'),(258,40,NULL,85,12401,17973,69.00,'2026-03-22',NULL,'Valid',NULL,1,NULL,'2026-07-02 23:53:10','2026-07-02 23:53:10'),(259,41,NULL,85,16998,20480,83.00,'2026-03-25',NULL,'Valid',NULL,1,NULL,'2026-07-02 23:53:10','2026-07-02 23:53:10'),(260,42,NULL,85,16000,24242,66.00,'2026-03-21',NULL,'Valid',NULL,1,NULL,'2026-07-02 23:53:10','2026-07-02 23:53:10'),(261,40,NULL,85,16355,17973,91.00,'2026-04-25',NULL,'Valid',NULL,1,NULL,'2026-07-02 23:53:10','2026-07-02 23:53:10'),(262,41,NULL,85,14131,20480,69.00,'2026-04-25',NULL,'Valid',NULL,1,NULL,'2026-07-02 23:53:10','2026-07-02 23:53:10'),(263,42,NULL,85,19394,24242,80.00,'2026-04-21',NULL,'Valid',NULL,1,NULL,'2026-07-02 23:53:10','2026-07-02 23:53:10'),(264,40,NULL,85,17434,17973,97.00,'2026-05-28',NULL,'Valid',NULL,1,NULL,'2026-07-02 23:53:10','2026-07-02 23:53:10'),(265,41,NULL,85,16589,20480,81.00,'2026-05-26',NULL,'Valid',NULL,1,NULL,'2026-07-02 23:53:10','2026-07-02 23:53:10'),(266,42,NULL,85,20848,24242,86.00,'2026-05-23',NULL,'Valid',NULL,1,NULL,'2026-07-02 23:53:10','2026-07-02 23:53:10'),(267,40,NULL,85,14558,17973,81.00,'2026-06-26',NULL,'Valid',NULL,1,NULL,'2026-07-02 23:53:10','2026-07-02 23:53:10'),(268,41,NULL,85,15974,20480,78.00,'2026-06-26',NULL,'Valid',NULL,1,NULL,'2026-07-02 23:53:10','2026-07-02 23:53:10'),(269,42,NULL,85,16242,24242,67.00,'2026-06-24',NULL,'Valid',NULL,1,NULL,'2026-07-02 23:53:10','2026-07-02 23:53:10'),(270,41,NULL,85,1024,20480,5.00,'2026-07-02',NULL,'Valid',NULL,1,NULL,'2026-07-02 23:53:10','2026-07-02 23:53:10'),(271,43,NULL,86,49040,59805,82.00,'2026-01-26',NULL,'Valid',NULL,1,NULL,'2026-07-02 23:53:10','2026-07-02 23:53:10'),(272,44,NULL,86,45804,54528,84.00,'2026-01-28',NULL,'Valid',NULL,1,NULL,'2026-07-02 23:53:10','2026-07-02 23:53:10'),(273,45,NULL,86,51098,61564,83.00,'2026-01-21',NULL,'Valid',NULL,1,NULL,'2026-07-02 23:53:10','2026-07-02 23:53:10'),(274,43,NULL,86,53226,59805,89.00,'2026-02-25',NULL,'Valid',NULL,1,NULL,'2026-07-02 23:53:10','2026-07-02 23:53:10'),(275,44,NULL,86,46894,54528,86.00,'2026-02-23',NULL,'Valid',NULL,1,NULL,'2026-07-02 23:53:10','2026-07-02 23:53:10'),(276,45,NULL,86,58486,61564,95.00,'2026-02-22',NULL,'Valid',NULL,1,NULL,'2026-07-02 23:53:10','2026-07-02 23:53:10'),(277,43,NULL,86,41864,59805,70.00,'2026-03-28',NULL,'Valid',NULL,1,NULL,'2026-07-02 23:53:10','2026-07-02 23:53:10'),(278,44,NULL,86,38715,54528,71.00,'2026-03-24',NULL,'Valid',NULL,1,NULL,'2026-07-02 23:53:10','2026-07-02 23:53:10'),(279,45,NULL,86,38170,61564,62.00,'2026-03-20',NULL,'Valid',NULL,1,NULL,'2026-07-02 23:53:10','2026-07-02 23:53:10'),(280,43,NULL,86,55021,59805,92.00,'2026-04-28',NULL,'Valid',NULL,1,NULL,'2026-07-02 23:53:10','2026-07-02 23:53:10'),(281,44,NULL,86,50711,54528,93.00,'2026-04-21',NULL,'Valid',NULL,1,NULL,'2026-07-02 23:53:10','2026-07-02 23:53:10'),(282,45,NULL,86,48020,61564,78.00,'2026-04-21',NULL,'Valid',NULL,1,NULL,'2026-07-02 23:53:10','2026-07-02 23:53:10'),(283,43,NULL,86,59805,59805,100.00,'2026-05-27',NULL,'Valid',NULL,1,NULL,'2026-07-02 23:53:10','2026-07-02 23:53:10'),(284,44,NULL,86,51802,54528,95.00,'2026-05-23',NULL,'Valid',NULL,1,NULL,'2026-07-02 23:53:10','2026-07-02 23:53:10'),(285,45,NULL,86,60948,61564,99.00,'2026-05-27',NULL,'Valid',NULL,1,NULL,'2026-07-02 23:53:10','2026-07-02 23:53:10'),(286,43,NULL,86,59805,59805,100.00,'2026-06-21',NULL,'Valid',NULL,1,NULL,'2026-07-02 23:53:10','2026-07-02 23:53:10'),(287,44,NULL,86,47985,54528,88.00,'2026-06-24',NULL,'Valid',NULL,1,NULL,'2026-07-02 23:53:10','2026-07-02 23:53:10'),(288,45,NULL,86,54792,61564,89.00,'2026-06-20',NULL,'Valid',NULL,1,NULL,'2026-07-02 23:53:10','2026-07-02 23:53:10'),(289,46,NULL,87,21970,38543,57.00,'2026-01-26',NULL,'Valid',NULL,1,NULL,'2026-07-02 23:53:10','2026-07-02 23:53:10'),(290,47,NULL,87,23526,34096,69.00,'2026-01-23',NULL,'Valid',NULL,1,NULL,'2026-07-02 23:53:10','2026-07-02 23:53:10'),(291,48,NULL,87,30063,38542,78.00,'2026-01-27',NULL,'Valid',NULL,1,NULL,'2026-07-02 23:53:10','2026-07-02 23:53:10'),(292,46,NULL,87,31605,38543,82.00,'2026-02-24',NULL,'Valid',NULL,1,NULL,'2026-07-02 23:53:10','2026-07-02 23:53:10'),(293,47,NULL,87,26936,34096,79.00,'2026-02-22',NULL,'Valid',NULL,1,NULL,'2026-07-02 23:53:10','2026-07-02 23:53:10'),(294,48,NULL,87,24667,38542,64.00,'2026-02-22',NULL,'Valid',NULL,1,NULL,'2026-07-02 23:53:10','2026-07-02 23:53:10'),(295,46,NULL,87,35460,38543,92.00,'2026-03-27',NULL,'Valid',NULL,1,NULL,'2026-07-02 23:53:10','2026-07-02 23:53:10'),(296,47,NULL,87,31027,34096,91.00,'2026-03-22',NULL,'Valid',NULL,1,NULL,'2026-07-02 23:53:10','2026-07-02 23:53:10'),(297,48,NULL,87,38542,38542,100.00,'2026-03-25',NULL,'Valid',NULL,1,NULL,'2026-07-02 23:53:10','2026-07-02 23:53:10'),(298,46,NULL,87,32376,38543,84.00,'2026-04-27',NULL,'Valid',NULL,1,NULL,'2026-07-02 23:53:10','2026-07-02 23:53:10'),(299,47,NULL,87,28300,34096,83.00,'2026-04-23',NULL,'Valid',NULL,1,NULL,'2026-07-02 23:53:10','2026-07-02 23:53:10'),(300,48,NULL,87,30448,38542,79.00,'2026-04-25',NULL,'Valid',NULL,1,NULL,'2026-07-02 23:53:10','2026-07-02 23:53:10'),(301,46,NULL,87,25438,38543,66.00,'2026-05-26',NULL,'Valid',NULL,1,NULL,'2026-07-02 23:53:10','2026-07-02 23:53:10'),(302,47,NULL,87,25572,34096,75.00,'2026-05-28',NULL,'Valid',NULL,1,NULL,'2026-07-02 23:53:10','2026-07-02 23:53:10'),(303,48,NULL,87,25823,38542,67.00,'2026-05-24',NULL,'Valid',NULL,1,NULL,'2026-07-02 23:53:10','2026-07-02 23:53:10'),(304,46,NULL,87,23511,38543,61.00,'2026-06-24',NULL,'Valid',NULL,1,NULL,'2026-07-02 23:53:10','2026-07-02 23:53:10'),(305,47,NULL,87,23867,34096,70.00,'2026-06-22',NULL,'Valid',NULL,1,NULL,'2026-07-02 23:53:10','2026-07-02 23:53:10'),(306,48,NULL,87,27750,38542,72.00,'2026-06-26',NULL,'Valid',NULL,1,NULL,'2026-07-02 23:53:10','2026-07-02 23:53:10'),(307,47,NULL,87,3069,34096,9.00,'2026-07-02',NULL,'Valid',NULL,1,NULL,'2026-07-02 23:53:10','2026-07-02 23:53:10'),(308,48,NULL,87,3083,38542,8.00,'2026-07-03',NULL,'Valid',NULL,1,NULL,'2026-07-02 23:53:10','2026-07-02 23:53:10'),(309,49,NULL,88,2295,2905,79.00,'2026-01-22',NULL,'Valid',NULL,1,NULL,'2026-07-02 23:53:10','2026-07-02 23:53:10'),(310,50,NULL,88,2514,3142,80.01,'2026-01-28',NULL,'Valid',NULL,1,NULL,'2026-07-02 23:53:10','2026-07-02 23:53:10'),(311,51,NULL,88,3229,4087,79.01,'2026-01-22',NULL,'Valid',NULL,1,NULL,'2026-07-02 23:53:10','2026-07-02 23:53:10'),(312,49,NULL,88,2004,2905,68.98,'2026-02-26',NULL,'Valid',NULL,1,NULL,'2026-07-02 23:53:10','2026-07-02 23:53:10'),(313,50,NULL,88,2702,3142,86.00,'2026-02-23',NULL,'Valid',NULL,1,NULL,'2026-07-02 23:53:10','2026-07-02 23:53:10'),(314,51,NULL,88,3597,4087,88.01,'2026-02-23',NULL,'Valid',NULL,1,NULL,'2026-07-02 23:53:10','2026-07-02 23:53:10'),(315,49,NULL,88,2469,2905,84.99,'2026-03-26',NULL,'Valid',NULL,1,NULL,'2026-07-02 23:53:10','2026-07-02 23:53:10'),(316,50,NULL,88,2231,3142,71.01,'2026-03-26',NULL,'Valid',NULL,1,NULL,'2026-07-02 23:53:10','2026-07-02 23:53:10'),(317,51,NULL,88,3024,4087,73.99,'2026-03-26',NULL,'Valid',NULL,1,NULL,'2026-07-02 23:53:10','2026-07-02 23:53:10'),(318,49,NULL,88,2324,2905,80.00,'2026-04-24',NULL,'Valid',NULL,1,NULL,'2026-07-02 23:53:10','2026-07-02 23:53:10'),(319,50,NULL,88,2199,3142,69.99,'2026-04-28',NULL,'Valid',NULL,1,NULL,'2026-07-02 23:53:10','2026-07-02 23:53:10'),(320,51,NULL,88,3188,4087,78.00,'2026-04-27',NULL,'Valid',NULL,1,NULL,'2026-07-02 23:53:10','2026-07-02 23:53:10'),(321,49,NULL,88,2266,2905,78.00,'2026-05-27',NULL,'Valid',NULL,1,NULL,'2026-07-02 23:53:10','2026-07-02 23:53:10'),(322,50,NULL,88,2042,3142,64.99,'2026-05-24',NULL,'Valid',NULL,1,NULL,'2026-07-02 23:53:10','2026-07-02 23:53:10'),(323,51,NULL,88,3270,4087,80.01,'2026-05-24',NULL,'Valid',NULL,1,NULL,'2026-07-02 23:53:10','2026-07-02 23:53:10'),(324,49,NULL,88,2034,2905,70.02,'2026-06-25',NULL,'Valid',NULL,1,NULL,'2026-07-02 23:53:10','2026-07-02 23:53:10'),(325,50,NULL,88,1979,3142,62.99,'2026-06-26',NULL,'Valid',NULL,1,NULL,'2026-07-02 23:53:10','2026-07-02 23:53:10'),(326,51,NULL,88,2657,4087,65.01,'2026-06-27',NULL,'Valid',NULL,1,NULL,'2026-07-02 23:53:10','2026-07-02 23:53:10'),(327,49,NULL,88,58,2905,2.00,'2026-07-03',NULL,'Valid',NULL,1,NULL,'2026-07-02 23:53:10','2026-07-02 23:53:10'),(328,52,NULL,89,4256,4528,93.99,'2026-01-24',NULL,'Valid',NULL,1,NULL,'2026-07-02 23:53:10','2026-07-02 23:53:10'),(329,53,NULL,89,4442,4579,97.01,'2026-01-20',NULL,'Valid',NULL,1,NULL,'2026-07-02 23:53:10','2026-07-02 23:53:10'),(330,54,NULL,89,5759,6329,90.99,'2026-01-20',NULL,'Valid',NULL,1,NULL,'2026-07-02 23:53:10','2026-07-02 23:53:10'),(331,52,NULL,89,4528,4528,100.00,'2026-02-27',NULL,'Valid',NULL,1,NULL,'2026-07-02 23:53:10','2026-07-02 23:53:10'),(332,53,NULL,89,4213,4579,92.01,'2026-02-20',NULL,'Valid',NULL,1,NULL,'2026-07-02 23:53:10','2026-07-02 23:53:10'),(333,54,NULL,89,5380,6329,85.01,'2026-02-26',NULL,'Valid',NULL,1,NULL,'2026-07-02 23:53:10','2026-07-02 23:53:10'),(334,52,NULL,89,4030,4528,89.00,'2026-03-24',NULL,'Valid',NULL,1,NULL,'2026-07-02 23:53:10','2026-07-02 23:53:10'),(335,53,NULL,89,4442,4579,97.01,'2026-03-25',NULL,'Valid',NULL,1,NULL,'2026-07-02 23:53:10','2026-07-02 23:53:10'),(336,54,NULL,89,6013,6329,95.01,'2026-03-26',NULL,'Valid',NULL,1,NULL,'2026-07-02 23:53:10','2026-07-02 23:53:10'),(337,52,NULL,89,4075,4528,90.00,'2026-04-23',NULL,'Valid',NULL,1,NULL,'2026-07-02 23:53:10','2026-07-02 23:53:10'),(338,53,NULL,89,4579,4579,100.00,'2026-04-27',NULL,'Valid',NULL,1,NULL,'2026-07-02 23:53:10','2026-07-02 23:53:10'),(339,54,NULL,89,6329,6329,100.00,'2026-04-28',NULL,'Valid',NULL,1,NULL,'2026-07-02 23:53:10','2026-07-02 23:53:10'),(340,52,NULL,89,3396,4528,75.00,'2026-05-26',NULL,'Valid',NULL,1,NULL,'2026-07-02 23:53:10','2026-07-02 23:53:10'),(341,53,NULL,89,3388,4579,73.99,'2026-05-27',NULL,'Valid',NULL,1,NULL,'2026-07-02 23:53:10','2026-07-02 23:53:10'),(342,54,NULL,89,4937,6329,78.01,'2026-05-28',NULL,'Valid',NULL,1,NULL,'2026-07-02 23:53:10','2026-07-02 23:53:10'),(343,52,NULL,89,3622,4528,79.99,'2026-06-24',NULL,'Valid',NULL,1,NULL,'2026-07-02 23:53:10','2026-07-02 23:53:10'),(344,53,NULL,89,3892,4579,85.00,'2026-06-24',NULL,'Valid',NULL,1,NULL,'2026-07-02 23:53:10','2026-07-02 23:53:10'),(345,54,NULL,89,5380,6329,85.01,'2026-06-28',NULL,'Valid',NULL,1,NULL,'2026-07-02 23:53:10','2026-07-02 23:53:10'),(346,54,NULL,89,127,6329,2.01,'2026-07-01',NULL,'Valid',NULL,1,NULL,'2026-07-02 23:53:10','2026-07-02 23:53:10'),(347,55,NULL,90,2864,3218,89.00,'2026-01-22',NULL,'Valid',NULL,1,NULL,'2026-07-02 23:53:10','2026-07-02 23:53:10'),(348,56,NULL,90,2472,2687,92.00,'2026-01-25',NULL,'Valid',NULL,1,NULL,'2026-07-02 23:53:10','2026-07-02 23:53:10'),(349,57,NULL,90,2806,2953,95.02,'2026-01-23',NULL,'Valid',NULL,1,NULL,'2026-07-02 23:53:10','2026-07-02 23:53:10'),(350,55,NULL,90,3218,3218,100.00,'2026-02-27',NULL,'Valid',NULL,1,NULL,'2026-07-02 23:53:10','2026-07-02 23:53:10'),(351,56,NULL,90,2123,2687,79.01,'2026-02-23',NULL,'Valid',NULL,1,NULL,'2026-07-02 23:53:10','2026-07-02 23:53:10'),(352,57,NULL,90,2451,2953,83.00,'2026-02-28',NULL,'Valid',NULL,1,NULL,'2026-07-02 23:53:10','2026-07-02 23:53:10'),(353,55,NULL,90,3218,3218,100.00,'2026-03-21',NULL,'Valid',NULL,1,NULL,'2026-07-02 23:53:10','2026-07-02 23:53:10'),(354,56,NULL,90,2257,2687,84.00,'2026-03-21',NULL,'Valid',NULL,1,NULL,'2026-07-02 23:53:10','2026-07-02 23:53:10'),(355,57,NULL,90,2923,2953,98.98,'2026-03-28',NULL,'Valid',NULL,1,NULL,'2026-07-02 23:53:10','2026-07-02 23:53:10'),(356,55,NULL,90,2671,3218,83.00,'2026-04-28',NULL,'Valid',NULL,1,NULL,'2026-07-02 23:53:10','2026-07-02 23:53:10'),(357,56,NULL,90,2096,2687,78.01,'2026-04-28',NULL,'Valid',NULL,1,NULL,'2026-07-02 23:53:10','2026-07-02 23:53:10'),(358,57,NULL,90,2362,2953,79.99,'2026-04-25',NULL,'Valid',NULL,1,NULL,'2026-07-02 23:53:10','2026-07-02 23:53:10'),(359,55,NULL,90,3218,3218,100.00,'2026-05-25',NULL,'Valid',NULL,1,NULL,'2026-07-02 23:53:10','2026-07-02 23:53:10'),(360,56,NULL,90,2687,2687,100.00,'2026-05-27',NULL,'Valid',NULL,1,NULL,'2026-07-02 23:53:10','2026-07-02 23:53:10'),(361,57,NULL,90,2953,2953,100.00,'2026-05-25',NULL,'Valid',NULL,1,NULL,'2026-07-02 23:53:10','2026-07-02 23:53:10'),(362,55,NULL,90,1899,3218,59.01,'2026-06-25',NULL,'Valid',NULL,1,NULL,'2026-07-02 23:53:10','2026-07-02 23:53:10'),(363,56,NULL,90,1800,2687,66.99,'2026-06-24',NULL,'Valid',NULL,1,NULL,'2026-07-02 23:53:10','2026-07-02 23:53:10'),(364,57,NULL,90,1949,2953,66.00,'2026-06-22',NULL,'Valid',NULL,1,NULL,'2026-07-02 23:53:10','2026-07-02 23:53:10'),(365,57,NULL,90,177,2953,5.99,'2026-07-01',NULL,'Valid',NULL,1,NULL,'2026-07-02 23:53:10','2026-07-02 23:53:10'),(366,58,NULL,91,4566,5372,85.00,'2026-01-23',NULL,'Valid',NULL,1,NULL,'2026-07-02 23:53:10','2026-07-02 23:53:10'),(367,59,NULL,91,4812,4812,100.00,'2026-01-28',NULL,'Valid',NULL,1,NULL,'2026-07-02 23:53:10','2026-07-02 23:53:10'),(368,60,NULL,91,3831,3831,100.00,'2026-01-24',NULL,'Valid',NULL,1,NULL,'2026-07-02 23:53:10','2026-07-02 23:53:10'),(369,58,NULL,91,4674,5372,87.01,'2026-02-20',NULL,'Valid',NULL,1,NULL,'2026-07-02 23:53:10','2026-07-02 23:53:10'),(370,59,NULL,91,4812,4812,100.00,'2026-02-23',NULL,'Valid',NULL,1,NULL,'2026-07-02 23:53:10','2026-07-02 23:53:10'),(371,60,NULL,91,3601,3831,94.00,'2026-02-22',NULL,'Valid',NULL,1,NULL,'2026-07-02 23:53:10','2026-07-02 23:53:10'),(372,58,NULL,91,3760,5372,69.99,'2026-03-23',NULL,'Valid',NULL,1,NULL,'2026-07-02 23:53:10','2026-07-02 23:53:10'),(373,59,NULL,91,4235,4812,88.01,'2026-03-22',NULL,'Valid',NULL,1,NULL,'2026-07-02 23:53:10','2026-07-02 23:53:10'),(374,60,NULL,91,2835,3831,74.00,'2026-03-27',NULL,'Valid',NULL,1,NULL,'2026-07-02 23:53:10','2026-07-02 23:53:10'),(375,58,NULL,91,3331,5372,62.01,'2026-04-28',NULL,'Valid',NULL,1,NULL,'2026-07-02 23:53:10','2026-07-02 23:53:10'),(376,59,NULL,91,3657,4812,76.00,'2026-04-21',NULL,'Valid',NULL,1,NULL,'2026-07-02 23:53:10','2026-07-02 23:53:10'),(377,60,NULL,91,2184,3831,57.01,'2026-04-23',NULL,'Valid',NULL,1,NULL,'2026-07-02 23:53:10','2026-07-02 23:53:10'),(378,58,NULL,91,5372,5372,100.00,'2026-05-25',NULL,'Valid',NULL,1,NULL,'2026-07-02 23:53:10','2026-07-02 23:53:10'),(379,59,NULL,91,4668,4812,97.01,'2026-05-22',NULL,'Valid',NULL,1,NULL,'2026-07-02 23:53:10','2026-07-02 23:53:10'),(380,60,NULL,91,3831,3831,100.00,'2026-05-26',NULL,'Valid',NULL,1,NULL,'2026-07-02 23:53:10','2026-07-02 23:53:10'),(381,58,NULL,91,4566,5372,85.00,'2026-06-21',NULL,'Valid',NULL,1,NULL,'2026-07-02 23:53:10','2026-07-02 23:53:10'),(382,59,NULL,91,4331,4812,90.00,'2026-06-26',NULL,'Valid',NULL,1,NULL,'2026-07-02 23:53:10','2026-07-02 23:53:10'),(383,60,NULL,91,3831,3831,100.00,'2026-06-27',NULL,'Valid',NULL,1,NULL,'2026-07-02 23:53:10','2026-07-02 23:53:10'),(384,61,NULL,92,21088,27036,78.00,'2026-01-26',NULL,'Valid',NULL,1,NULL,'2026-07-02 23:53:10','2026-07-02 23:53:10'),(385,62,NULL,92,23814,24806,96.00,'2026-01-28',NULL,'Valid',NULL,1,NULL,'2026-07-02 23:53:10','2026-07-02 23:53:10'),(386,63,NULL,92,25101,31774,79.00,'2026-01-23',NULL,'Valid',NULL,1,NULL,'2026-07-02 23:53:10','2026-07-02 23:53:10'),(387,61,NULL,92,17573,27036,65.00,'2026-02-20',NULL,'Valid',NULL,1,NULL,'2026-07-02 23:53:10','2026-07-02 23:53:10'),(388,62,NULL,92,15380,24806,62.00,'2026-02-22',NULL,'Valid',NULL,1,NULL,'2026-07-02 23:53:10','2026-07-02 23:53:10'),(389,63,NULL,92,23513,31774,74.00,'2026-02-23',NULL,'Valid',NULL,1,NULL,'2026-07-02 23:53:10','2026-07-02 23:53:10'),(390,61,NULL,92,22710,27036,84.00,'2026-03-26',NULL,'Valid',NULL,1,NULL,'2026-07-02 23:53:10','2026-07-02 23:53:10'),(391,62,NULL,92,20341,24806,82.00,'2026-03-20',NULL,'Valid',NULL,1,NULL,'2026-07-02 23:53:10','2026-07-02 23:53:10'),(392,63,NULL,92,26055,31774,82.00,'2026-03-23',NULL,'Valid',NULL,1,NULL,'2026-07-02 23:53:10','2026-07-02 23:53:10'),(393,61,NULL,92,24332,27036,90.00,'2026-04-20',NULL,'Valid',NULL,1,NULL,'2026-07-02 23:53:10','2026-07-02 23:53:10'),(394,62,NULL,92,20341,24806,82.00,'2026-04-27',NULL,'Valid',NULL,1,NULL,'2026-07-02 23:53:10','2026-07-02 23:53:10'),(395,63,NULL,92,27643,31774,87.00,'2026-04-26',NULL,'Valid',NULL,1,NULL,'2026-07-02 23:53:10','2026-07-02 23:53:10'),(396,61,NULL,92,25684,27036,95.00,'2026-05-24',NULL,'Valid',NULL,1,NULL,'2026-07-02 23:53:10','2026-07-02 23:53:10'),(397,62,NULL,92,19845,24806,80.00,'2026-05-21',NULL,'Valid',NULL,1,NULL,'2026-07-02 23:53:10','2026-07-02 23:53:10'),(398,63,NULL,92,31456,31774,99.00,'2026-05-25',NULL,'Valid',NULL,1,NULL,'2026-07-02 23:53:10','2026-07-02 23:53:10'),(399,61,NULL,92,21899,27036,81.00,'2026-06-24',NULL,'Valid',NULL,1,NULL,'2026-07-02 23:53:10','2026-07-02 23:53:10'),(400,62,NULL,92,24806,24806,100.00,'2026-06-21',NULL,'Valid',NULL,1,NULL,'2026-07-02 23:53:10','2026-07-02 23:53:10'),(401,63,NULL,92,31774,31774,100.00,'2026-06-21',NULL,'Valid',NULL,1,NULL,'2026-07-02 23:53:10','2026-07-02 23:53:10'),(402,63,NULL,92,2860,31774,9.00,'2026-07-01',NULL,'Valid',NULL,1,NULL,'2026-07-02 23:53:10','2026-07-02 23:53:10'),(403,64,NULL,93,66091,66091,100.00,'2026-01-25',NULL,'Valid',NULL,1,NULL,'2026-07-02 23:53:10','2026-07-02 23:53:10'),(404,65,NULL,93,66019,66686,99.00,'2026-01-23',NULL,'Valid',NULL,1,NULL,'2026-07-02 23:53:10','2026-07-02 23:53:10'),(405,66,NULL,93,41720,45846,91.00,'2026-01-28',NULL,'Valid',NULL,1,NULL,'2026-07-02 23:53:10','2026-07-02 23:53:10'),(406,64,NULL,93,40316,66091,61.00,'2026-02-28',NULL,'Valid',NULL,1,NULL,'2026-07-02 23:53:10','2026-07-02 23:53:10'),(407,65,NULL,93,38678,66686,58.00,'2026-02-25',NULL,'Valid',NULL,1,NULL,'2026-07-02 23:53:10','2026-07-02 23:53:10'),(408,66,NULL,93,31634,45846,69.00,'2026-02-22',NULL,'Valid',NULL,1,NULL,'2026-07-02 23:53:10','2026-07-02 23:53:10'),(409,64,NULL,93,62126,66091,94.00,'2026-03-25',NULL,'Valid',NULL,1,NULL,'2026-07-02 23:53:10','2026-07-02 23:53:10'),(410,65,NULL,93,66686,66686,100.00,'2026-03-22',NULL,'Valid',NULL,1,NULL,'2026-07-02 23:53:10','2026-07-02 23:53:10'),(411,66,NULL,93,45846,45846,100.00,'2026-03-23',NULL,'Valid',NULL,1,NULL,'2026-07-02 23:53:10','2026-07-02 23:53:10'),(412,64,NULL,93,43620,66091,66.00,'2026-04-22',NULL,'Valid',NULL,1,NULL,'2026-07-02 23:53:10','2026-07-02 23:53:10'),(413,65,NULL,93,59351,66686,89.00,'2026-04-26',NULL,'Valid',NULL,1,NULL,'2026-07-02 23:53:10','2026-07-02 23:53:10'),(414,66,NULL,93,33926,45846,74.00,'2026-04-24',NULL,'Valid',NULL,1,NULL,'2026-07-02 23:53:10','2026-07-02 23:53:10'),(415,64,NULL,93,54195,66091,82.00,'2026-05-25',NULL,'Valid',NULL,1,NULL,'2026-07-02 23:53:10','2026-07-02 23:53:10'),(416,65,NULL,93,60017,66686,90.00,'2026-05-26',NULL,'Valid',NULL,1,NULL,'2026-07-02 23:53:10','2026-07-02 23:53:10'),(417,66,NULL,93,39428,45846,86.00,'2026-05-26',NULL,'Valid',NULL,1,NULL,'2026-07-02 23:53:10','2026-07-02 23:53:10'),(418,64,NULL,93,66091,66091,100.00,'2026-06-25',NULL,'Valid',NULL,1,NULL,'2026-07-02 23:53:10','2026-07-02 23:53:10'),(419,65,NULL,93,62685,66686,94.00,'2026-06-27',NULL,'Valid',NULL,1,NULL,'2026-07-02 23:53:10','2026-07-02 23:53:10'),(420,66,NULL,93,44929,45846,98.00,'2026-06-22',NULL,'Valid',NULL,1,NULL,'2026-07-02 23:53:10','2026-07-02 23:53:10'),(421,67,NULL,94,20248,25630,79.00,'2026-01-22',NULL,'Valid',NULL,1,NULL,'2026-07-02 23:53:10','2026-07-02 23:53:10'),(422,68,NULL,94,25814,31480,82.00,'2026-01-23',NULL,'Valid',NULL,1,NULL,'2026-07-02 23:53:10','2026-07-02 23:53:10'),(423,69,NULL,94,16938,26466,64.00,'2026-01-27',NULL,'Valid',NULL,1,NULL,'2026-07-02 23:53:10','2026-07-02 23:53:10'),(424,67,NULL,94,22298,25630,87.00,'2026-02-27',NULL,'Valid',NULL,1,NULL,'2026-07-02 23:53:10','2026-07-02 23:53:10'),(425,68,NULL,94,29591,31480,94.00,'2026-02-26',NULL,'Valid',NULL,1,NULL,'2026-07-02 23:53:10','2026-07-02 23:53:10'),(426,69,NULL,94,22231,26466,84.00,'2026-02-20',NULL,'Valid',NULL,1,NULL,'2026-07-02 23:53:10','2026-07-02 23:53:10'),(427,67,NULL,94,19991,25630,78.00,'2026-03-24',NULL,'Valid',NULL,1,NULL,'2026-07-02 23:53:10','2026-07-02 23:53:10'),(428,68,NULL,94,28962,31480,92.00,'2026-03-22',NULL,'Valid',NULL,1,NULL,'2026-07-02 23:53:10','2026-07-02 23:53:10'),(429,69,NULL,94,21702,26466,82.00,'2026-03-20',NULL,'Valid',NULL,1,NULL,'2026-07-02 23:53:10','2026-07-02 23:53:10'),(430,67,NULL,94,24349,25630,95.00,'2026-04-25',NULL,'Valid',NULL,1,NULL,'2026-07-02 23:53:10','2026-07-02 23:53:10'),(431,68,NULL,94,30221,31480,96.00,'2026-04-23',NULL,'Valid',NULL,1,NULL,'2026-07-02 23:53:10','2026-07-02 23:53:10'),(432,69,NULL,94,24084,26466,91.00,'2026-04-22',NULL,'Valid',NULL,1,NULL,'2026-07-02 23:53:10','2026-07-02 23:53:10'),(433,67,NULL,94,15378,25630,60.00,'2026-05-21',NULL,'Valid',NULL,1,NULL,'2026-07-02 23:53:10','2026-07-02 23:53:10'),(434,68,NULL,94,21406,31480,68.00,'2026-05-20',NULL,'Valid',NULL,1,NULL,'2026-07-02 23:53:10','2026-07-02 23:53:10'),(435,69,NULL,94,16144,26466,61.00,'2026-05-21',NULL,'Valid',NULL,1,NULL,'2026-07-02 23:53:10','2026-07-02 23:53:10'),(436,67,NULL,94,22811,25630,89.00,'2026-06-25',NULL,'Valid',NULL,1,NULL,'2026-07-02 23:53:10','2026-07-02 23:53:10'),(437,68,NULL,94,29276,31480,93.00,'2026-06-23',NULL,'Valid',NULL,1,NULL,'2026-07-02 23:53:10','2026-07-02 23:53:10'),(438,69,NULL,94,26466,26466,100.00,'2026-06-23',NULL,'Valid',NULL,1,NULL,'2026-07-02 23:53:10','2026-07-02 23:53:10'),(439,68,NULL,94,1259,31480,4.00,'2026-07-03',NULL,'Valid',NULL,1,NULL,'2026-07-02 23:53:10','2026-07-02 23:53:10'),(440,69,NULL,94,1059,26466,4.00,'2026-07-03',NULL,'Valid',NULL,1,NULL,'2026-07-02 23:53:10','2026-07-02 23:53:10'),(441,70,NULL,95,88115,100131,88.00,'2026-01-20',NULL,'Valid',NULL,1,NULL,'2026-07-02 23:53:10','2026-07-02 23:53:10'),(442,71,NULL,95,119887,124882,96.00,'2026-01-21',NULL,'Valid',NULL,1,NULL,'2026-07-02 23:53:10','2026-07-02 23:53:10'),(443,72,NULL,95,112506,112506,100.00,'2026-01-28',NULL,'Valid',NULL,1,NULL,'2026-07-02 23:53:10','2026-07-02 23:53:10'),(444,70,NULL,95,78102,100131,78.00,'2026-02-24',NULL,'Valid',NULL,1,NULL,'2026-07-02 23:53:10','2026-07-02 23:53:10'),(445,71,NULL,95,84920,124882,68.00,'2026-02-24',NULL,'Valid',NULL,1,NULL,'2026-07-02 23:53:10','2026-07-02 23:53:10'),(446,72,NULL,95,66379,112506,59.00,'2026-02-22',NULL,'Valid',NULL,1,NULL,'2026-07-02 23:53:10','2026-07-02 23:53:10'),(447,70,NULL,95,100131,100131,100.00,'2026-03-20',NULL,'Valid',NULL,1,NULL,'2026-07-02 23:53:10','2026-07-02 23:53:10'),(448,71,NULL,95,123633,124882,99.00,'2026-03-27',NULL,'Valid',NULL,1,NULL,'2026-07-02 23:53:10','2026-07-02 23:53:10'),(449,72,NULL,95,94505,112506,84.00,'2026-03-28',NULL,'Valid',NULL,1,NULL,'2026-07-02 23:53:10','2026-07-02 23:53:10'),(450,70,NULL,95,65085,100131,65.00,'2026-04-22',NULL,'Valid',NULL,1,NULL,'2026-07-02 23:53:10','2026-07-02 23:53:10'),(451,71,NULL,95,94910,124882,76.00,'2026-04-25',NULL,'Valid',NULL,1,NULL,'2026-07-02 23:53:10','2026-07-02 23:53:10'),(452,72,NULL,95,90005,112506,80.00,'2026-04-22',NULL,'Valid',NULL,1,NULL,'2026-07-02 23:53:10','2026-07-02 23:53:10'),(453,70,NULL,95,83109,100131,83.00,'2026-05-20',NULL,'Valid',NULL,1,NULL,'2026-07-02 23:53:10','2026-07-02 23:53:10'),(454,71,NULL,95,108647,124882,87.00,'2026-05-24',NULL,'Valid',NULL,1,NULL,'2026-07-02 23:53:10','2026-07-02 23:53:10'),(455,72,NULL,95,106881,112506,95.00,'2026-05-23',NULL,'Valid',NULL,1,NULL,'2026-07-02 23:53:10','2026-07-02 23:53:10'),(456,70,NULL,95,100131,100131,100.00,'2026-06-22',NULL,'Valid',NULL,1,NULL,'2026-07-02 23:53:10','2026-07-02 23:53:10'),(457,71,NULL,95,123633,124882,99.00,'2026-06-20',NULL,'Valid',NULL,1,NULL,'2026-07-02 23:53:10','2026-07-02 23:53:10'),(458,72,NULL,95,112506,112506,100.00,'2026-06-25',NULL,'Valid',NULL,1,NULL,'2026-07-02 23:53:10','2026-07-02 23:53:10'),(459,73,NULL,96,48429,75671,64.00,'2026-01-27',NULL,'Valid',NULL,1,NULL,'2026-07-02 23:53:10','2026-07-02 23:53:10'),(460,74,NULL,96,41619,64029,65.00,'2026-01-28',NULL,'Valid',NULL,1,NULL,'2026-07-02 23:53:10','2026-07-02 23:53:10'),(461,75,NULL,96,66795,78582,85.00,'2026-01-25',NULL,'Valid',NULL,1,NULL,'2026-07-02 23:53:10','2026-07-02 23:53:10'),(462,73,NULL,96,52970,75671,70.00,'2026-02-28',NULL,'Valid',NULL,1,NULL,'2026-07-02 23:53:10','2026-07-02 23:53:10'),(463,74,NULL,96,55705,64029,87.00,'2026-02-21',NULL,'Valid',NULL,1,NULL,'2026-07-02 23:53:10','2026-07-02 23:53:10'),(464,75,NULL,96,55793,78582,71.00,'2026-02-23',NULL,'Valid',NULL,1,NULL,'2026-07-02 23:53:10','2026-07-02 23:53:10'),(465,73,NULL,96,59780,75671,79.00,'2026-03-26',NULL,'Valid',NULL,1,NULL,'2026-07-02 23:53:10','2026-07-02 23:53:10'),(466,74,NULL,96,48022,64029,75.00,'2026-03-24',NULL,'Valid',NULL,1,NULL,'2026-07-02 23:53:10','2026-07-02 23:53:10'),(467,75,NULL,96,71510,78582,91.00,'2026-03-22',NULL,'Valid',NULL,1,NULL,'2026-07-02 23:53:10','2026-07-02 23:53:10'),(468,73,NULL,96,55997,75671,74.00,'2026-04-20',NULL,'Valid',NULL,1,NULL,'2026-07-02 23:53:10','2026-07-02 23:53:10'),(469,74,NULL,96,49302,64029,77.00,'2026-04-28',NULL,'Valid',NULL,1,NULL,'2026-07-02 23:53:11','2026-07-02 23:53:11'),(470,75,NULL,96,66795,78582,85.00,'2026-04-23',NULL,'Valid',NULL,1,NULL,'2026-07-02 23:53:11','2026-07-02 23:53:11'),(471,73,NULL,96,62050,75671,82.00,'2026-05-24',NULL,'Valid',NULL,1,NULL,'2026-07-02 23:53:11','2026-07-02 23:53:11'),(472,74,NULL,96,55705,64029,87.00,'2026-05-24',NULL,'Valid',NULL,1,NULL,'2026-07-02 23:53:11','2026-07-02 23:53:11'),(473,75,NULL,96,72295,78582,92.00,'2026-05-25',NULL,'Valid',NULL,1,NULL,'2026-07-02 23:53:11','2026-07-02 23:53:11'),(474,73,NULL,96,52970,75671,70.00,'2026-06-20',NULL,'Valid',NULL,1,NULL,'2026-07-02 23:53:11','2026-07-02 23:53:11'),(475,74,NULL,96,54425,64029,85.00,'2026-06-22',NULL,'Valid',NULL,1,NULL,'2026-07-02 23:53:11','2026-07-02 23:53:11'),(476,75,NULL,96,67581,78582,86.00,'2026-06-20',NULL,'Valid',NULL,1,NULL,'2026-07-02 23:53:11','2026-07-02 23:53:11'),(477,75,NULL,96,5501,78582,7.00,'2026-07-02',NULL,'Valid',NULL,1,NULL,'2026-07-02 23:53:11','2026-07-02 23:53:11'),(478,76,NULL,97,84503,89897,94.00,'2026-01-23',NULL,'Valid',NULL,1,NULL,'2026-07-02 23:53:11','2026-07-02 23:53:11'),(479,77,NULL,97,74005,84097,88.00,'2026-01-23',NULL,'Valid',NULL,1,NULL,'2026-07-02 23:53:11','2026-07-02 23:53:11'),(480,78,NULL,97,93956,115995,81.00,'2026-01-20',NULL,'Valid',NULL,1,NULL,'2026-07-02 23:53:11','2026-07-02 23:53:11'),(481,76,NULL,97,78210,89897,87.00,'2026-02-24',NULL,'Valid',NULL,1,NULL,'2026-07-02 23:53:11','2026-07-02 23:53:11'),(482,77,NULL,97,57186,84097,68.00,'2026-02-20',NULL,'Valid',NULL,1,NULL,'2026-07-02 23:53:11','2026-07-02 23:53:11'),(483,78,NULL,97,75397,115995,65.00,'2026-02-28',NULL,'Valid',NULL,1,NULL,'2026-07-02 23:53:11','2026-07-02 23:53:11'),(484,76,NULL,97,82705,89897,92.00,'2026-03-21',NULL,'Valid',NULL,1,NULL,'2026-07-02 23:53:11','2026-07-02 23:53:11'),(485,77,NULL,97,83256,84097,99.00,'2026-03-20',NULL,'Valid',NULL,1,NULL,'2026-07-02 23:53:11','2026-07-02 23:53:11'),(486,78,NULL,97,112515,115995,97.00,'2026-03-28',NULL,'Valid',NULL,1,NULL,'2026-07-02 23:53:11','2026-07-02 23:53:11'),(487,76,NULL,97,53938,89897,60.00,'2026-04-22',NULL,'Valid',NULL,1,NULL,'2026-07-02 23:53:11','2026-07-02 23:53:11'),(488,77,NULL,97,50458,84097,60.00,'2026-04-25',NULL,'Valid',NULL,1,NULL,'2026-07-02 23:53:11','2026-07-02 23:53:11'),(489,78,NULL,97,77717,115995,67.00,'2026-04-21',NULL,'Valid',NULL,1,NULL,'2026-07-02 23:53:11','2026-07-02 23:53:11'),(490,76,NULL,97,77311,89897,86.00,'2026-05-26',NULL,'Valid',NULL,1,NULL,'2026-07-02 23:53:11','2026-07-02 23:53:11'),(491,77,NULL,97,75687,84097,90.00,'2026-05-22',NULL,'Valid',NULL,1,NULL,'2026-07-02 23:53:11','2026-07-02 23:53:11'),(492,78,NULL,97,115995,115995,100.00,'2026-05-21',NULL,'Valid',NULL,1,NULL,'2026-07-02 23:53:11','2026-07-02 23:53:11'),(493,76,NULL,97,88099,89897,98.00,'2026-06-20',NULL,'Valid',NULL,1,NULL,'2026-07-02 23:53:11','2026-07-02 23:53:11'),(494,77,NULL,97,72323,84097,86.00,'2026-06-27',NULL,'Valid',NULL,1,NULL,'2026-07-02 23:53:11','2026-07-02 23:53:11'),(495,78,NULL,97,104396,115995,90.00,'2026-06-23',NULL,'Valid',NULL,1,NULL,'2026-07-02 23:53:11','2026-07-02 23:53:11'),(496,76,NULL,97,8990,89897,10.00,'2026-07-02',NULL,'Valid',NULL,1,NULL,'2026-07-02 23:53:11','2026-07-02 23:53:11'),(497,79,NULL,98,1722,1852,92.98,'2026-01-25',NULL,'Valid',NULL,1,NULL,'2026-07-02 23:53:11','2026-07-02 23:53:11'),(498,80,NULL,98,2028,2091,96.99,'2026-01-20',NULL,'Valid',NULL,1,NULL,'2026-07-02 23:53:11','2026-07-02 23:53:11'),(499,81,NULL,98,1989,2030,97.98,'2026-01-26',NULL,'Valid',NULL,1,NULL,'2026-07-02 23:53:11','2026-07-02 23:53:11'),(500,79,NULL,98,1333,1852,71.98,'2026-02-23',NULL,'Valid',NULL,1,NULL,'2026-07-02 23:53:11','2026-07-02 23:53:11'),(501,80,NULL,98,1150,2091,55.00,'2026-02-21',NULL,'Valid',NULL,1,NULL,'2026-07-02 23:53:11','2026-07-02 23:53:11'),(502,81,NULL,98,1360,2030,67.00,'2026-02-20',NULL,'Valid',NULL,1,NULL,'2026-07-02 23:53:11','2026-07-02 23:53:11'),(503,79,NULL,98,1593,1852,86.02,'2026-03-22',NULL,'Valid',NULL,1,NULL,'2026-07-02 23:53:11','2026-07-02 23:53:11'),(504,80,NULL,98,1861,2091,89.00,'2026-03-27',NULL,'Valid',NULL,1,NULL,'2026-07-02 23:53:11','2026-07-02 23:53:11'),(505,81,NULL,98,1827,2030,90.00,'2026-03-21',NULL,'Valid',NULL,1,NULL,'2026-07-02 23:53:11','2026-07-02 23:53:11'),(506,79,NULL,98,1482,1852,80.02,'2026-04-25',NULL,'Valid',NULL,1,NULL,'2026-07-02 23:53:11','2026-07-02 23:53:11'),(507,80,NULL,98,1673,2091,80.01,'2026-04-25',NULL,'Valid',NULL,1,NULL,'2026-07-02 23:53:11','2026-07-02 23:53:11'),(508,81,NULL,98,1848,2030,91.03,'2026-04-24',NULL,'Valid',NULL,1,NULL,'2026-07-02 23:53:11','2026-07-02 23:53:11'),(509,79,NULL,98,1204,1852,65.01,'2026-05-20',NULL,'Valid',NULL,1,NULL,'2026-07-02 23:53:11','2026-07-02 23:53:11'),(510,80,NULL,98,1380,2091,66.00,'2026-05-28',NULL,'Valid',NULL,1,NULL,'2026-07-02 23:53:11','2026-07-02 23:53:11'),(511,81,NULL,98,1421,2030,70.00,'2026-05-26',NULL,'Valid',NULL,1,NULL,'2026-07-02 23:53:11','2026-07-02 23:53:11'),(512,79,NULL,98,1278,1852,69.01,'2026-06-21',NULL,'Valid',NULL,1,NULL,'2026-07-02 23:53:11','2026-07-02 23:53:11'),(513,80,NULL,98,1694,2091,81.01,'2026-06-23',NULL,'Valid',NULL,1,NULL,'2026-07-02 23:53:11','2026-07-02 23:53:11'),(514,81,NULL,98,1543,2030,76.01,'2026-06-26',NULL,'Valid',NULL,1,NULL,'2026-07-02 23:53:11','2026-07-02 23:53:11'),(515,79,NULL,98,37,1852,2.00,'2026-07-01',NULL,'Valid',NULL,1,NULL,'2026-07-02 23:53:11','2026-07-02 23:53:11'),(516,82,NULL,99,224,277,80.87,'2026-01-23',NULL,'Valid',NULL,1,NULL,'2026-07-02 23:53:11','2026-07-02 23:53:11'),(517,83,NULL,99,189,245,77.14,'2026-01-21',NULL,'Valid',NULL,1,NULL,'2026-07-02 23:53:11','2026-07-02 23:53:11'),(518,84,NULL,99,279,344,81.10,'2026-01-25',NULL,'Valid',NULL,1,NULL,'2026-07-02 23:53:11','2026-07-02 23:53:11'),(519,82,NULL,99,208,277,75.09,'2026-02-27',NULL,'Valid',NULL,1,NULL,'2026-07-02 23:53:11','2026-07-02 23:53:11'),(520,83,NULL,99,216,245,88.16,'2026-02-28',NULL,'Valid',NULL,1,NULL,'2026-07-02 23:53:11','2026-07-02 23:53:11'),(521,84,NULL,99,289,344,84.01,'2026-02-22',NULL,'Valid',NULL,1,NULL,'2026-07-02 23:53:11','2026-07-02 23:53:11'),(522,82,NULL,99,205,277,74.01,'2026-03-24',NULL,'Valid',NULL,1,NULL,'2026-07-02 23:53:11','2026-07-02 23:53:11'),(523,83,NULL,99,201,245,82.04,'2026-03-25',NULL,'Valid',NULL,1,NULL,'2026-07-02 23:53:11','2026-07-02 23:53:11'),(524,84,NULL,99,279,344,81.10,'2026-03-26',NULL,'Valid',NULL,1,NULL,'2026-07-02 23:53:11','2026-07-02 23:53:11'),(525,82,NULL,99,205,277,74.01,'2026-04-23',NULL,'Valid',NULL,1,NULL,'2026-07-02 23:53:11','2026-07-02 23:53:11'),(526,83,NULL,99,162,245,66.12,'2026-04-25',NULL,'Valid',NULL,1,NULL,'2026-07-02 23:53:11','2026-07-02 23:53:11'),(527,84,NULL,99,231,344,67.15,'2026-04-25',NULL,'Valid',NULL,1,NULL,'2026-07-02 23:53:11','2026-07-02 23:53:11'),(528,82,NULL,99,222,277,80.14,'2026-05-20',NULL,'Valid',NULL,1,NULL,'2026-07-02 23:53:11','2026-07-02 23:53:11'),(529,83,NULL,99,159,245,64.90,'2026-05-27',NULL,'Valid',NULL,1,NULL,'2026-07-02 23:53:11','2026-07-02 23:53:11'),(530,84,NULL,99,262,344,76.16,'2026-05-22',NULL,'Valid',NULL,1,NULL,'2026-07-02 23:53:11','2026-07-02 23:53:11'),(531,82,NULL,99,244,277,88.09,'2026-06-27',NULL,'Valid',NULL,1,NULL,'2026-07-02 23:53:11','2026-07-02 23:53:11'),(532,83,NULL,99,198,245,80.82,'2026-06-25',NULL,'Valid',NULL,1,NULL,'2026-07-02 23:53:11','2026-07-02 23:53:11'),(533,84,NULL,99,313,344,90.99,'2026-06-27',NULL,'Valid',NULL,1,NULL,'2026-07-02 23:53:11','2026-07-02 23:53:11'),(534,82,NULL,99,14,277,5.05,'2026-07-01',NULL,'Valid',NULL,1,NULL,'2026-07-02 23:53:11','2026-07-02 23:53:11'),(535,85,NULL,100,27263,30292,90.00,'2026-01-21',NULL,'Valid',NULL,1,NULL,'2026-07-02 23:53:11','2026-07-02 23:53:11'),(536,86,NULL,100,25266,31192,81.00,'2026-01-23',NULL,'Valid',NULL,1,NULL,'2026-07-02 23:53:11','2026-07-02 23:53:11'),(537,87,NULL,100,27923,28493,98.00,'2026-01-20',NULL,'Valid',NULL,1,NULL,'2026-07-02 23:53:11','2026-07-02 23:53:11'),(538,85,NULL,100,27263,30292,90.00,'2026-02-21',NULL,'Valid',NULL,1,NULL,'2026-07-02 23:53:11','2026-07-02 23:53:11'),(539,86,NULL,100,24018,31192,77.00,'2026-02-23',NULL,'Valid',NULL,1,NULL,'2026-07-02 23:53:11','2026-07-02 23:53:11'),(540,87,NULL,100,24504,28493,86.00,'2026-02-24',NULL,'Valid',NULL,1,NULL,'2026-07-02 23:53:11','2026-07-02 23:53:11'),(541,85,NULL,100,26657,30292,88.00,'2026-03-28',NULL,'Valid',NULL,1,NULL,'2026-07-02 23:53:11','2026-07-02 23:53:11'),(542,86,NULL,100,24642,31192,79.00,'2026-03-27',NULL,'Valid',NULL,1,NULL,'2026-07-02 23:53:11','2026-07-02 23:53:11'),(543,87,NULL,100,24789,28493,87.00,'2026-03-26',NULL,'Valid',NULL,1,NULL,'2026-07-02 23:53:11','2026-07-02 23:53:11'),(544,85,NULL,100,21204,30292,70.00,'2026-04-22',NULL,'Valid',NULL,1,NULL,'2026-07-02 23:53:11','2026-07-02 23:53:11'),(545,86,NULL,100,26825,31192,86.00,'2026-04-21',NULL,'Valid',NULL,1,NULL,'2026-07-02 23:53:11','2026-07-02 23:53:11'),(546,87,NULL,100,20230,28493,71.00,'2026-04-22',NULL,'Valid',NULL,1,NULL,'2026-07-02 23:53:11','2026-07-02 23:53:11'),(547,85,NULL,100,21204,30292,70.00,'2026-05-28',NULL,'Valid',NULL,1,NULL,'2026-07-02 23:53:11','2026-07-02 23:53:11'),(548,86,NULL,100,23706,31192,76.00,'2026-05-25',NULL,'Valid',NULL,1,NULL,'2026-07-02 23:53:11','2026-07-02 23:53:11'),(549,87,NULL,100,22794,28493,80.00,'2026-05-21',NULL,'Valid',NULL,1,NULL,'2026-07-02 23:53:11','2026-07-02 23:53:11'),(550,85,NULL,100,26960,30292,89.00,'2026-06-25',NULL,'Valid',NULL,1,NULL,'2026-07-02 23:53:11','2026-07-02 23:53:11'),(551,86,NULL,100,24954,31192,80.00,'2026-06-26',NULL,'Valid',NULL,1,NULL,'2026-07-02 23:53:11','2026-07-02 23:53:11'),(552,87,NULL,100,23649,28493,83.00,'2026-06-22',NULL,'Valid',NULL,1,NULL,'2026-07-02 23:53:11','2026-07-02 23:53:11'),(553,85,NULL,100,2423,30292,8.00,'2026-07-02',NULL,'Valid',NULL,1,NULL,'2026-07-02 23:53:11','2026-07-02 23:53:11'),(554,86,NULL,100,3119,31192,10.00,'2026-07-02',NULL,'Valid',NULL,1,NULL,'2026-07-02 23:53:11','2026-07-02 23:53:11'),(555,88,NULL,101,50510,60855,83.00,'2026-01-25',NULL,'Valid',NULL,1,NULL,'2026-07-02 23:53:11','2026-07-02 23:53:11'),(556,89,NULL,101,44377,56174,79.00,'2026-01-24',NULL,'Valid',NULL,1,NULL,'2026-07-02 23:53:11','2026-07-02 23:53:11'),(557,90,NULL,101,48567,58514,83.00,'2026-01-23',NULL,'Valid',NULL,1,NULL,'2026-07-02 23:53:11','2026-07-02 23:53:11'),(558,88,NULL,101,52335,60855,86.00,'2026-02-25',NULL,'Valid',NULL,1,NULL,'2026-07-02 23:53:11','2026-07-02 23:53:11'),(559,89,NULL,101,49433,56174,88.00,'2026-02-21',NULL,'Valid',NULL,1,NULL,'2026-07-02 23:53:11','2026-07-02 23:53:11'),(560,90,NULL,101,52663,58514,90.00,'2026-02-27',NULL,'Valid',NULL,1,NULL,'2026-07-02 23:53:11','2026-07-02 23:53:11'),(561,88,NULL,101,47467,60855,78.00,'2026-03-28',NULL,'Valid',NULL,1,NULL,'2026-07-02 23:53:11','2026-07-02 23:53:11'),(562,89,NULL,101,49995,56174,89.00,'2026-03-28',NULL,'Valid',NULL,1,NULL,'2026-07-02 23:53:11','2026-07-02 23:53:11'),(563,90,NULL,101,49737,58514,85.00,'2026-03-22',NULL,'Valid',NULL,1,NULL,'2026-07-02 23:53:11','2026-07-02 23:53:11'),(564,88,NULL,101,48684,60855,80.00,'2026-04-22',NULL,'Valid',NULL,1,NULL,'2026-07-02 23:53:11','2026-07-02 23:53:11'),(565,89,NULL,101,35390,56174,63.00,'2026-04-21',NULL,'Valid',NULL,1,NULL,'2026-07-02 23:53:11','2026-07-02 23:53:11'),(566,90,NULL,101,39790,58514,68.00,'2026-04-21',NULL,'Valid',NULL,1,NULL,'2026-07-02 23:53:11','2026-07-02 23:53:11'),(567,88,NULL,101,40164,60855,66.00,'2026-05-22',NULL,'Valid',NULL,1,NULL,'2026-07-02 23:53:11','2026-07-02 23:53:11'),(568,89,NULL,101,47186,56174,84.00,'2026-05-26',NULL,'Valid',NULL,1,NULL,'2026-07-02 23:53:11','2026-07-02 23:53:11'),(569,90,NULL,101,37449,58514,64.00,'2026-05-26',NULL,'Valid',NULL,1,NULL,'2026-07-02 23:53:11','2026-07-02 23:53:11'),(570,88,NULL,101,40164,60855,66.00,'2026-06-26',NULL,'Valid',NULL,1,NULL,'2026-07-02 23:53:11','2026-07-02 23:53:11'),(571,89,NULL,101,47186,56174,84.00,'2026-06-28',NULL,'Valid',NULL,1,NULL,'2026-07-02 23:53:11','2026-07-02 23:53:11'),(572,90,NULL,101,49152,58514,84.00,'2026-06-26',NULL,'Valid',NULL,1,NULL,'2026-07-02 23:53:11','2026-07-02 23:53:11'),(573,88,NULL,101,1826,60855,3.00,'2026-07-02',NULL,'Valid',NULL,1,NULL,'2026-07-02 23:53:11','2026-07-02 23:53:11'),(574,89,NULL,101,5056,56174,9.00,'2026-07-03',NULL,'Valid',NULL,1,NULL,'2026-07-02 23:53:11','2026-07-02 23:53:11'),(575,90,NULL,101,2341,58514,4.00,'2026-07-01',NULL,'Valid',NULL,1,NULL,'2026-07-02 23:53:11','2026-07-02 23:53:11'),(576,91,NULL,102,89617,89617,100.00,'2026-01-23',NULL,'Valid',NULL,1,NULL,'2026-07-02 23:53:11','2026-07-02 23:53:11'),(577,92,NULL,102,81416,90462,90.00,'2026-01-22',NULL,'Valid',NULL,1,NULL,'2026-07-02 23:53:11','2026-07-02 23:53:11'),(578,93,NULL,102,73554,73554,100.00,'2026-01-24',NULL,'Valid',NULL,1,NULL,'2026-07-02 23:53:11','2026-07-02 23:53:11'),(579,91,NULL,102,62732,89617,70.00,'2026-02-26',NULL,'Valid',NULL,1,NULL,'2026-07-02 23:53:11','2026-07-02 23:53:11'),(580,92,NULL,102,66942,90462,74.00,'2026-02-20',NULL,'Valid',NULL,1,NULL,'2026-07-02 23:53:11','2026-07-02 23:53:11'),(581,93,NULL,102,58843,73554,80.00,'2026-02-26',NULL,'Valid',NULL,1,NULL,'2026-07-02 23:53:11','2026-07-02 23:53:11'),(582,91,NULL,102,59147,89617,66.00,'2026-03-23',NULL,'Valid',NULL,1,NULL,'2026-07-02 23:53:11','2026-07-02 23:53:11'),(583,92,NULL,102,55182,90462,61.00,'2026-03-26',NULL,'Valid',NULL,1,NULL,'2026-07-02 23:53:11','2026-07-02 23:53:11'),(584,93,NULL,102,47810,73554,65.00,'2026-03-20',NULL,'Valid',NULL,1,NULL,'2026-07-02 23:53:11','2026-07-02 23:53:11'),(585,91,NULL,102,58251,89617,65.00,'2026-04-20',NULL,'Valid',NULL,1,NULL,'2026-07-02 23:53:11','2026-07-02 23:53:11'),(586,92,NULL,102,75988,90462,84.00,'2026-04-21',NULL,'Valid',NULL,1,NULL,'2026-07-02 23:53:11','2026-07-02 23:53:11'),(587,93,NULL,102,56637,73554,77.00,'2026-04-26',NULL,'Valid',NULL,1,NULL,'2026-07-02 23:53:11','2026-07-02 23:53:11'),(588,91,NULL,102,88721,89617,99.00,'2026-05-23',NULL,'Valid',NULL,1,NULL,'2026-07-02 23:53:11','2026-07-02 23:53:11'),(589,92,NULL,102,70560,90462,78.00,'2026-05-21',NULL,'Valid',NULL,1,NULL,'2026-07-02 23:53:11','2026-07-02 23:53:11'),(590,93,NULL,102,65463,73554,89.00,'2026-05-21',NULL,'Valid',NULL,1,NULL,'2026-07-02 23:53:11','2026-07-02 23:53:11'),(591,91,NULL,102,68109,89617,76.00,'2026-06-22',NULL,'Valid',NULL,1,NULL,'2026-07-02 23:53:11','2026-07-02 23:53:11'),(592,92,NULL,102,66037,90462,73.00,'2026-06-24',NULL,'Valid',NULL,1,NULL,'2026-07-02 23:53:11','2026-07-02 23:53:11'),(593,93,NULL,102,58843,73554,80.00,'2026-06-25',NULL,'Valid',NULL,1,NULL,'2026-07-02 23:53:11','2026-07-02 23:53:11'),(594,91,NULL,102,5377,89617,6.00,'2026-07-02',NULL,'Valid',NULL,1,NULL,'2026-07-02 23:53:11','2026-07-02 23:53:11'),(595,94,NULL,103,28950,34464,84.00,'2026-01-22',NULL,'Valid',NULL,1,NULL,'2026-07-02 23:53:11','2026-07-02 23:53:11'),(596,95,NULL,103,23255,30599,76.00,'2026-01-27',NULL,'Valid',NULL,1,NULL,'2026-07-02 23:53:11','2026-07-02 23:53:11'),(597,96,NULL,103,30617,31564,97.00,'2026-01-27',NULL,'Valid',NULL,1,NULL,'2026-07-02 23:53:11','2026-07-02 23:53:11'),(598,94,NULL,103,32396,34464,94.00,'2026-02-23',NULL,'Valid',NULL,1,NULL,'2026-07-02 23:53:11','2026-07-02 23:53:11'),(599,95,NULL,103,28151,30599,92.00,'2026-02-20',NULL,'Valid',NULL,1,NULL,'2026-07-02 23:53:11','2026-07-02 23:53:11'),(600,96,NULL,103,25251,31564,80.00,'2026-02-25',NULL,'Valid',NULL,1,NULL,'2026-07-02 23:53:11','2026-07-02 23:53:11'),(601,94,NULL,103,28260,34464,82.00,'2026-03-20',NULL,'Valid',NULL,1,NULL,'2026-07-02 23:53:11','2026-07-02 23:53:11'),(602,95,NULL,103,19277,30599,63.00,'2026-03-20',NULL,'Valid',NULL,1,NULL,'2026-07-02 23:53:11','2026-07-02 23:53:11'),(603,96,NULL,103,21779,31564,69.00,'2026-03-28',NULL,'Valid',NULL,1,NULL,'2026-07-02 23:53:11','2026-07-02 23:53:11'),(604,94,NULL,103,23091,34464,67.00,'2026-04-28',NULL,'Valid',NULL,1,NULL,'2026-07-02 23:53:11','2026-07-02 23:53:11'),(605,95,NULL,103,21419,30599,70.00,'2026-04-24',NULL,'Valid',NULL,1,NULL,'2026-07-02 23:53:11','2026-07-02 23:53:11'),(606,96,NULL,103,19885,31564,63.00,'2026-04-22',NULL,'Valid',NULL,1,NULL,'2026-07-02 23:53:11','2026-07-02 23:53:11'),(607,94,NULL,103,32052,34464,93.00,'2026-05-27',NULL,'Valid',NULL,1,NULL,'2026-07-02 23:53:11','2026-07-02 23:53:11'),(608,95,NULL,103,26621,30599,87.00,'2026-05-23',NULL,'Valid',NULL,1,NULL,'2026-07-02 23:53:11','2026-07-02 23:53:11'),(609,96,NULL,103,24304,31564,77.00,'2026-05-28',NULL,'Valid',NULL,1,NULL,'2026-07-02 23:53:11','2026-07-02 23:53:11'),(610,94,NULL,103,29639,34464,86.00,'2026-06-20',NULL,'Valid',NULL,1,NULL,'2026-07-02 23:53:11','2026-07-02 23:53:11'),(611,95,NULL,103,24785,30599,81.00,'2026-06-22',NULL,'Valid',NULL,1,NULL,'2026-07-02 23:53:11','2026-07-02 23:53:11'),(612,96,NULL,103,25251,31564,80.00,'2026-06-22',NULL,'Valid',NULL,1,NULL,'2026-07-02 23:53:11','2026-07-02 23:53:11'),(613,95,NULL,103,1530,30599,5.00,'2026-07-01',NULL,'Valid',NULL,1,NULL,'2026-07-02 23:53:11','2026-07-02 23:53:11'),(614,97,NULL,104,45100,65363,69.00,'2026-01-24',NULL,'Valid',NULL,1,NULL,'2026-07-02 23:53:11','2026-07-02 23:53:11'),(615,98,NULL,104,63898,78886,81.00,'2026-01-20',NULL,'Valid',NULL,1,NULL,'2026-07-02 23:53:11','2026-07-02 23:53:11'),(616,99,NULL,104,56797,81139,70.00,'2026-01-24',NULL,'Valid',NULL,1,NULL,'2026-07-02 23:53:11','2026-07-02 23:53:11'),(617,97,NULL,104,44447,65363,68.00,'2026-02-25',NULL,'Valid',NULL,1,NULL,'2026-07-02 23:53:11','2026-07-02 23:53:11'),(618,98,NULL,104,66264,78886,84.00,'2026-02-27',NULL,'Valid',NULL,1,NULL,'2026-07-02 23:53:11','2026-07-02 23:53:11'),(619,99,NULL,104,63288,81139,78.00,'2026-02-22',NULL,'Valid',NULL,1,NULL,'2026-07-02 23:53:11','2026-07-02 23:53:11'),(620,97,NULL,104,50983,65363,78.00,'2026-03-25',NULL,'Valid',NULL,1,NULL,'2026-07-02 23:53:11','2026-07-02 23:53:11'),(621,98,NULL,104,78886,78886,100.00,'2026-03-21',NULL,'Valid',NULL,1,NULL,'2026-07-02 23:53:11','2026-07-02 23:53:11'),(622,99,NULL,104,76271,81139,94.00,'2026-03-25',NULL,'Valid',NULL,1,NULL,'2026-07-02 23:53:11','2026-07-02 23:53:11'),(623,97,NULL,104,63402,65363,97.00,'2026-04-22',NULL,'Valid',NULL,1,NULL,'2026-07-02 23:53:11','2026-07-02 23:53:11'),(624,98,NULL,104,64687,78886,82.00,'2026-04-28',NULL,'Valid',NULL,1,NULL,'2026-07-02 23:53:11','2026-07-02 23:53:11'),(625,99,NULL,104,74648,81139,92.00,'2026-04-24',NULL,'Valid',NULL,1,NULL,'2026-07-02 23:53:11','2026-07-02 23:53:11'),(626,97,NULL,104,65363,65363,100.00,'2026-05-27',NULL,'Valid',NULL,1,NULL,'2026-07-02 23:53:11','2026-07-02 23:53:11'),(627,98,NULL,104,76519,78886,97.00,'2026-05-21',NULL,'Valid',NULL,1,NULL,'2026-07-02 23:53:11','2026-07-02 23:53:11'),(628,99,NULL,104,81139,81139,100.00,'2026-05-22',NULL,'Valid',NULL,1,NULL,'2026-07-02 23:53:11','2026-07-02 23:53:11'),(629,97,NULL,104,41179,65363,63.00,'2026-06-21',NULL,'Valid',NULL,1,NULL,'2026-07-02 23:53:11','2026-07-02 23:53:11'),(630,98,NULL,104,44176,78886,56.00,'2026-06-26',NULL,'Valid',NULL,1,NULL,'2026-07-02 23:53:11','2026-07-02 23:53:11'),(631,99,NULL,104,61666,81139,76.00,'2026-06-23',NULL,'Valid',NULL,1,NULL,'2026-07-02 23:53:11','2026-07-02 23:53:11'),(632,100,NULL,105,3672,4478,82.00,'2026-01-26',NULL,'Valid',NULL,1,NULL,'2026-07-02 23:53:11','2026-07-02 23:53:11'),(633,101,NULL,105,4291,5170,83.00,'2026-01-27',NULL,'Valid',NULL,1,NULL,'2026-07-02 23:53:11','2026-07-02 23:53:11'),(634,102,NULL,105,3906,4200,93.00,'2026-01-27',NULL,'Valid',NULL,1,NULL,'2026-07-02 23:53:11','2026-07-02 23:53:11'),(635,100,NULL,105,4254,4478,95.00,'2026-02-23',NULL,'Valid',NULL,1,NULL,'2026-07-02 23:53:11','2026-07-02 23:53:11'),(636,101,NULL,105,4912,5170,95.01,'2026-02-22',NULL,'Valid',NULL,1,NULL,'2026-07-02 23:53:11','2026-07-02 23:53:11'),(637,102,NULL,105,4200,4200,100.00,'2026-02-23',NULL,'Valid',NULL,1,NULL,'2026-07-02 23:53:11','2026-07-02 23:53:11'),(638,100,NULL,105,3985,4478,88.99,'2026-03-24',NULL,'Valid',NULL,1,NULL,'2026-07-02 23:53:11','2026-07-02 23:53:11'),(639,101,NULL,105,5170,5170,100.00,'2026-03-26',NULL,'Valid',NULL,1,NULL,'2026-07-02 23:53:11','2026-07-02 23:53:11'),(640,102,NULL,105,3570,4200,85.00,'2026-03-26',NULL,'Valid',NULL,1,NULL,'2026-07-02 23:53:11','2026-07-02 23:53:11'),(641,100,NULL,105,3224,4478,72.00,'2026-04-21',NULL,'Valid',NULL,1,NULL,'2026-07-02 23:53:11','2026-07-02 23:53:11'),(642,101,NULL,105,3722,5170,71.99,'2026-04-27',NULL,'Valid',NULL,1,NULL,'2026-07-02 23:53:11','2026-07-02 23:53:11'),(643,102,NULL,105,2982,4200,71.00,'2026-04-26',NULL,'Valid',NULL,1,NULL,'2026-07-02 23:53:11','2026-07-02 23:53:11'),(644,100,NULL,105,3090,4478,69.00,'2026-05-23',NULL,'Valid',NULL,1,NULL,'2026-07-02 23:53:11','2026-07-02 23:53:11'),(645,101,NULL,105,3567,5170,68.99,'2026-05-28',NULL,'Valid',NULL,1,NULL,'2026-07-02 23:53:11','2026-07-02 23:53:11'),(646,102,NULL,105,3024,4200,72.00,'2026-05-22',NULL,'Valid',NULL,1,NULL,'2026-07-02 23:53:11','2026-07-02 23:53:11'),(647,100,NULL,105,3851,4478,86.00,'2026-06-22',NULL,'Valid',NULL,1,NULL,'2026-07-02 23:53:11','2026-07-02 23:53:11'),(648,101,NULL,105,4446,5170,86.00,'2026-06-21',NULL,'Valid',NULL,1,NULL,'2026-07-02 23:53:11','2026-07-02 23:53:11'),(649,102,NULL,105,3444,4200,82.00,'2026-06-24',NULL,'Valid',NULL,1,NULL,'2026-07-02 23:53:11','2026-07-02 23:53:11'),(650,102,NULL,105,126,4200,3.00,'2026-07-02',NULL,'Valid',NULL,1,NULL,'2026-07-02 23:53:11','2026-07-02 23:53:11'),(651,103,NULL,106,31428,53268,59.00,'2026-01-22',NULL,'Valid',NULL,1,NULL,'2026-07-02 23:53:11','2026-07-02 23:53:11'),(652,104,NULL,106,41776,54968,76.00,'2026-01-20',NULL,'Valid',NULL,1,NULL,'2026-07-02 23:53:11','2026-07-02 23:53:11'),(653,105,NULL,106,51885,61768,84.00,'2026-01-28',NULL,'Valid',NULL,1,NULL,'2026-07-02 23:53:11','2026-07-02 23:53:11'),(654,103,NULL,106,52735,53268,99.00,'2026-02-24',NULL,'Valid',NULL,1,NULL,'2026-07-02 23:53:11','2026-07-02 23:53:11'),(655,104,NULL,106,47272,54968,86.00,'2026-02-22',NULL,'Valid',NULL,1,NULL,'2026-07-02 23:53:11','2026-07-02 23:53:11'),(656,105,NULL,106,61768,61768,100.00,'2026-02-27',NULL,'Valid',NULL,1,NULL,'2026-07-02 23:53:11','2026-07-02 23:53:11'),(657,103,NULL,106,46876,53268,88.00,'2026-03-23',NULL,'Valid',NULL,1,NULL,'2026-07-02 23:53:11','2026-07-02 23:53:11'),(658,104,NULL,106,40127,54968,73.00,'2026-03-20',NULL,'Valid',NULL,1,NULL,'2026-07-02 23:53:11','2026-07-02 23:53:11'),(659,105,NULL,106,57444,61768,93.00,'2026-03-27',NULL,'Valid',NULL,1,NULL,'2026-07-02 23:53:11','2026-07-02 23:53:11'),(660,103,NULL,106,50072,53268,94.00,'2026-04-25',NULL,'Valid',NULL,1,NULL,'2026-07-02 23:53:11','2026-07-02 23:53:11'),(661,104,NULL,106,50571,54968,92.00,'2026-04-25',NULL,'Valid',NULL,1,NULL,'2026-07-02 23:53:11','2026-07-02 23:53:11'),(662,105,NULL,106,50032,61768,81.00,'2026-04-26',NULL,'Valid',NULL,1,NULL,'2026-07-02 23:53:11','2026-07-02 23:53:11'),(663,103,NULL,106,46343,53268,87.00,'2026-05-27',NULL,'Valid',NULL,1,NULL,'2026-07-02 23:53:11','2026-07-02 23:53:11'),(664,104,NULL,106,53319,54968,97.00,'2026-05-26',NULL,'Valid',NULL,1,NULL,'2026-07-02 23:53:11','2026-07-02 23:53:11'),(665,105,NULL,106,54974,61768,89.00,'2026-05-25',NULL,'Valid',NULL,1,NULL,'2026-07-02 23:53:11','2026-07-02 23:53:11'),(666,103,NULL,106,53268,53268,100.00,'2026-06-23',NULL,'Valid',NULL,1,NULL,'2026-07-02 23:53:11','2026-07-02 23:53:11'),(667,104,NULL,106,44524,54968,81.00,'2026-06-27',NULL,'Valid',NULL,1,NULL,'2026-07-02 23:53:11','2026-07-02 23:53:11'),(668,105,NULL,106,53738,61768,87.00,'2026-06-23',NULL,'Valid',NULL,1,NULL,'2026-07-02 23:53:11','2026-07-02 23:53:11'),(669,104,NULL,106,4397,54968,8.00,'2026-07-03',NULL,'Valid',NULL,1,NULL,'2026-07-02 23:53:11','2026-07-02 23:53:11'),(670,105,NULL,106,1235,61768,2.00,'2026-07-02',NULL,'Valid',NULL,1,NULL,'2026-07-02 23:53:11','2026-07-02 23:53:11'),(671,106,NULL,107,96637,125502,77.00,'2026-01-21',NULL,'Valid',NULL,1,NULL,'2026-07-02 23:53:11','2026-07-02 23:53:11'),(672,107,NULL,107,116717,125502,93.00,'2026-01-20',NULL,'Valid',NULL,1,NULL,'2026-07-02 23:53:11','2026-07-02 23:53:11'),(673,108,NULL,107,117667,129304,91.00,'2026-01-20',NULL,'Valid',NULL,1,NULL,'2026-07-02 23:53:11','2026-07-02 23:53:11'),(674,106,NULL,107,100402,125502,80.00,'2026-02-20',NULL,'Valid',NULL,1,NULL,'2026-07-02 23:53:11','2026-07-02 23:53:11'),(675,107,NULL,107,87851,125502,70.00,'2026-02-23',NULL,'Valid',NULL,1,NULL,'2026-07-02 23:53:11','2026-07-02 23:53:11'),(676,108,NULL,107,99564,129304,77.00,'2026-02-21',NULL,'Valid',NULL,1,NULL,'2026-07-02 23:53:11','2026-07-02 23:53:11'),(677,106,NULL,107,86596,125502,69.00,'2026-03-24',NULL,'Valid',NULL,1,NULL,'2026-07-02 23:53:11','2026-07-02 23:53:11'),(678,107,NULL,107,79066,125502,63.00,'2026-03-22',NULL,'Valid',NULL,1,NULL,'2026-07-02 23:53:11','2026-07-02 23:53:11'),(679,108,NULL,107,76289,129304,59.00,'2026-03-28',NULL,'Valid',NULL,1,NULL,'2026-07-02 23:53:11','2026-07-02 23:53:11'),(680,106,NULL,107,85341,125502,68.00,'2026-04-27',NULL,'Valid',NULL,1,NULL,'2026-07-02 23:53:11','2026-07-02 23:53:11'),(681,107,NULL,107,85341,125502,68.00,'2026-04-28',NULL,'Valid',NULL,1,NULL,'2026-07-02 23:53:11','2026-07-02 23:53:11'),(682,108,NULL,107,77582,129304,60.00,'2026-04-26',NULL,'Valid',NULL,1,NULL,'2026-07-02 23:53:11','2026-07-02 23:53:11'),(683,106,NULL,107,91616,125502,73.00,'2026-05-20',NULL,'Valid',NULL,1,NULL,'2026-07-02 23:53:11','2026-07-02 23:53:11'),(684,107,NULL,107,100402,125502,80.00,'2026-05-20',NULL,'Valid',NULL,1,NULL,'2026-07-02 23:53:11','2026-07-02 23:53:11'),(685,108,NULL,107,102150,129304,79.00,'2026-05-24',NULL,'Valid',NULL,1,NULL,'2026-07-02 23:53:11','2026-07-02 23:53:11'),(686,106,NULL,107,110442,125502,88.00,'2026-06-25',NULL,'Valid',NULL,1,NULL,'2026-07-02 23:53:11','2026-07-02 23:53:11'),(687,107,NULL,107,106677,125502,85.00,'2026-06-22',NULL,'Valid',NULL,1,NULL,'2026-07-02 23:53:11','2026-07-02 23:53:11'),(688,108,NULL,107,120253,129304,93.00,'2026-06-22',NULL,'Valid',NULL,1,NULL,'2026-07-02 23:53:11','2026-07-02 23:53:11'),(689,1,NULL,108,5000,8708,57.42,'2026-07-03',NULL,'Valid',NULL,2,1,'2026-07-02 23:56:54','2026-07-02 23:56:54');
/*!40000 ALTER TABLE `realisasi` ENABLE KEYS */;
UNLOCK TABLES;

--
-- Table structure for table `rph`
--

DROP TABLE IF EXISTS `rph`;
/*!40101 SET @saved_cs_client     = @@character_set_client */;
/*!40101 SET character_set_client = utf8 */;
CREATE TABLE `rph` (
  `id_rph` int(10) unsigned NOT NULL AUTO_INCREMENT,
  `id_bkph` int(10) unsigned NOT NULL,
  `kode_rph` varchar(20) NOT NULL,
  `nama_rph` varchar(100) NOT NULL,
  `luas_ha` decimal(12,2) NOT NULL DEFAULT 0.00 COMMENT 'Luas wilayah kerja RPH (administratif)',
  `luas_produktif_ha` decimal(12,2) DEFAULT NULL COMMENT 'Luas areal sadapan/produktif getah pinus per RPH, dari laporan PGT',
  `jumlah_pohon` int(10) unsigned DEFAULT NULL COMMENT 'Total pohon pinus tersadap di RPH ini, dari laporan PGT — dipakai sbg acuan/sanity-check target & total_pohon per petak',
  `created_at` timestamp NULL DEFAULT NULL,
  `updated_at` timestamp NULL DEFAULT NULL,
  PRIMARY KEY (`id_rph`),
  UNIQUE KEY `rph_kode_rph_unique` (`kode_rph`),
  KEY `rph_id_bkph_foreign` (`id_bkph`),
  CONSTRAINT `rph_id_bkph_foreign` FOREIGN KEY (`id_bkph`) REFERENCES `bkph` (`id_bkph`) ON UPDATE CASCADE
) ENGINE=InnoDB AUTO_INCREMENT=37 DEFAULT CHARSET=utf8mb4 COLLATE=utf8mb4_unicode_ci;
/*!40101 SET character_set_client = @saved_cs_client */;

--
-- Dumping data for table `rph`
--

LOCK TABLES `rph` WRITE;
/*!40000 ALTER TABLE `rph` DISABLE KEYS */;
INSERT INTO `rph` VALUES (1,1,'RPH-KDR-01','Kalipang',2531.00,278.00,22716,'2026-07-02 21:32:02','2026-07-02 21:32:02'),(2,1,'RPH-KDR-02','Kanyoran',3484.70,421.00,56132,'2026-07-02 21:32:02','2026-07-02 21:32:02'),(3,1,'RPH-KDR-03','Pamongan',1411.30,372.00,51331,'2026-07-02 21:32:02','2026-07-02 21:32:02'),(4,1,'RPH-KDR-04','Parang',1776.60,339.00,26838,'2026-07-02 21:32:02','2026-07-02 21:32:02'),(5,1,'RPH-KDR-05','Sambiroto',2146.20,843.00,73552,'2026-07-02 21:32:02','2026-07-02 21:32:02'),(6,2,'RPH-PAC-01','Bajulan',1516.70,252.00,25974,'2026-07-02 21:32:02','2026-07-02 21:32:02'),(7,2,'RPH-PAC-02','Gedangklutuk',2281.80,212.00,19604,'2026-07-02 21:32:02','2026-07-02 21:32:02'),(8,2,'RPH-PAC-03','Makuto',2574.10,522.00,56879,'2026-07-02 21:32:02','2026-07-02 21:32:02'),(9,2,'RPH-PAC-04','Plangkat',1837.06,31.00,5693,'2026-07-02 21:32:02','2026-07-02 21:32:02'),(10,2,'RPH-PAC-05','Salam Judeg',1923.18,387.00,26694,'2026-07-02 21:32:02','2026-07-02 21:32:02'),(11,2,'RPH-PAC-06','Sugihan',1481.30,373.00,52646,'2026-07-02 21:32:02','2026-07-02 21:32:02'),(12,3,'RPH-TGA-01','Gondang',2807.10,565.00,88656,'2026-07-02 21:32:02','2026-07-02 21:32:02'),(13,3,'RPH-TGA-02','Jatiwekas',1861.20,516.00,52137,'2026-07-02 21:32:02','2026-07-02 21:32:02'),(14,3,'RPH-TGA-03','Karangrejo',2253.00,769.00,62695,'2026-07-02 21:32:02','2026-07-02 21:32:02'),(15,3,'RPH-TGA-04','Pagerwojo',5172.20,1552.00,175897,'2026-07-02 21:32:02','2026-07-02 21:32:02'),(16,3,'RPH-TGA-05','Sendang',2173.10,588.00,111181,'2026-07-02 21:32:02','2026-07-02 21:32:02'),(17,4,'RPH-BDG-01','Bandung',2308.70,323.00,10134,'2026-07-02 21:32:02','2026-07-02 21:32:02'),(18,4,'RPH-BDG-02','Besuki',4448.60,119.00,15436,'2026-07-02 21:32:02','2026-07-02 21:32:02'),(19,4,'RPH-BDG-03','Watulimo',4243.01,184.00,8858,'2026-07-02 21:32:02','2026-07-02 21:32:02'),(20,5,'RPH-DNK-01','Banjar',4065.65,274.00,14015,'2026-07-02 21:32:02','2026-07-02 21:32:02'),(21,5,'RPH-DNK-02','Dongko Selatan',2428.00,1132.00,83616,'2026-07-02 21:32:02','2026-07-02 21:32:02'),(22,5,'RPH-DNK-03','Dongko Utara',2160.00,1163.00,178623,'2026-07-02 21:32:02','2026-07-02 21:32:02'),(23,5,'RPH-DNK-04','Panggul',3456.12,1356.00,83576,'2026-07-02 21:32:02','2026-07-02 21:32:02'),(24,5,'RPH-DNK-05','Sumberbening',2676.30,1872.00,337519,'2026-07-02 21:32:02','2026-07-02 21:32:02'),(25,6,'RPH-KPK-01','Kampak Selatan',3313.80,1374.00,218282,'2026-07-02 21:32:02','2026-07-02 21:32:02'),(26,6,'RPH-KPK-02','Kampak Utara',2474.90,1536.00,289989,'2026-07-02 21:32:02','2026-07-02 21:32:02'),(27,6,'RPH-KPK-03','Munjungan Barat',3244.90,63.00,5973,'2026-07-02 21:32:02','2026-07-02 21:32:02'),(28,6,'RPH-KPK-04','Munjungan Timur',6420.30,752.00,866,'2026-07-02 21:32:02','2026-07-02 21:32:02'),(29,7,'RPH-KRG-01','Gandusari',2394.10,482.00,89977,'2026-07-02 21:32:02','2026-07-02 21:32:02'),(30,7,'RPH-KRG-02','Karangan',2669.60,1402.00,175543,'2026-07-02 21:32:02','2026-07-02 21:32:02'),(31,7,'RPH-KRG-03','Pule',2755.60,1995.00,253633,'2026-07-02 21:32:02','2026-07-02 21:32:02'),(32,7,'RPH-KRG-04','Tugu',2194.00,1266.00,96627,'2026-07-02 21:32:02','2026-07-02 21:32:02'),(33,8,'RPH-TRK-01','Bendungan',3740.69,2225.00,225388,'2026-07-02 21:32:02','2026-07-02 21:32:02'),(34,8,'RPH-TRK-02','Durenan',3191.50,419.00,13848,'2026-07-02 21:32:02','2026-07-02 21:32:02'),(35,8,'RPH-TRK-03','Sumurup',2207.40,1545.00,170004,'2026-07-02 21:32:02','2026-07-02 21:32:02'),(36,8,'RPH-TRK-04','Trenggalek',3528.28,1879.00,380308,'2026-07-02 21:32:02','2026-07-02 21:32:02');
/*!40000 ALTER TABLE `rph` ENABLE KEYS */;
UNLOCK TABLES;

--
-- Table structure for table `sessions`
--

DROP TABLE IF EXISTS `sessions`;
/*!40101 SET @saved_cs_client     = @@character_set_client */;
/*!40101 SET character_set_client = utf8 */;
CREATE TABLE `sessions` (
  `id` varchar(255) NOT NULL,
  `user_id` bigint(20) unsigned DEFAULT NULL,
  `ip_address` varchar(45) DEFAULT NULL,
  `user_agent` text DEFAULT NULL,
  `payload` longtext NOT NULL,
  `last_activity` int(11) NOT NULL,
  PRIMARY KEY (`id`),
  KEY `sessions_user_id_index` (`user_id`),
  KEY `sessions_last_activity_index` (`last_activity`)
) ENGINE=InnoDB DEFAULT CHARSET=utf8mb4 COLLATE=utf8mb4_unicode_ci;
/*!40101 SET character_set_client = @saved_cs_client */;

--
-- Dumping data for table `sessions`
--

LOCK TABLES `sessions` WRITE;
/*!40000 ALTER TABLE `sessions` DISABLE KEYS */;
INSERT INTO `sessions` VALUES ('gj3WSKu5cXBvOHKc6nn27hbw0qls8yo41tPpqMWr',NULL,'127.0.0.1','Mozilla/5.0 (Windows NT 10.0; Win64; x64) AppleWebKit/537.36 (KHTML, like Gecko) Chrome/149.0.0.0 Safari/537.36 Edg/149.0.0.0','YTozOntzOjY6Il90b2tlbiI7czo0MDoicXJmRGFkMHY0WmdVUmhZTGFWNW9iUmc4cXVObGtERFEycWU2SFkzeSI7czo2OiJfZmxhc2giO2E6Mjp7czozOiJvbGQiO2E6MDp7fXM6MzoibmV3IjthOjA6e319czo5OiJfcHJldmlvdXMiO2E6Mjp7czozOiJ1cmwiO3M6Mjc6Imh0dHA6Ly8xMjcuMC4wLjE6ODAwMC9sb2dpbiI7czo1OiJyb3V0ZSI7czo1OiJsb2dpbiI7fX0=',1783062187);
/*!40000 ALTER TABLE `sessions` ENABLE KEYS */;
UNLOCK TABLES;

--
-- Table structure for table `target`
--

DROP TABLE IF EXISTS `target`;
/*!40101 SET @saved_cs_client     = @@character_set_client */;
/*!40101 SET character_set_client = utf8 */;
CREATE TABLE `target` (
  `id_target` int(10) unsigned NOT NULL AUTO_INCREMENT,
  `level_target` enum('BKPH','RPH') NOT NULL,
  `id_bkph` int(10) unsigned DEFAULT NULL COMMENT 'Diisi jika level_target = BKPH',
  `id_rph` int(10) unsigned DEFAULT NULL COMMENT 'Diisi jika level_target = RPH',
  `id_user` int(10) unsigned NOT NULL COMMENT 'KPH yang menetapkan target',
  `periode_bulan` tinyint(3) unsigned NOT NULL COMMENT '1-12',
  `periode_tahun` smallint(5) unsigned NOT NULL,
  `jumlah_target_pohon` int(10) unsigned DEFAULT NULL,
  `target_persen` decimal(5,2) NOT NULL COMMENT 'Contoh: 70.00 (%)',
  `status_periode` enum('Berlalu','Berjalan','Mendatang') NOT NULL DEFAULT 'Mendatang',
  `created_at` timestamp NULL DEFAULT NULL,
  `updated_at` timestamp NULL DEFAULT NULL,
  PRIMARY KEY (`id_target`),
  UNIQUE KEY `uq_target_bkph_periode` (`id_bkph`,`periode_bulan`,`periode_tahun`),
  UNIQUE KEY `uq_target_rph_periode` (`id_rph`,`periode_bulan`,`periode_tahun`),
  KEY `target_id_user_foreign` (`id_user`),
  CONSTRAINT `target_id_bkph_foreign` FOREIGN KEY (`id_bkph`) REFERENCES `bkph` (`id_bkph`) ON DELETE CASCADE ON UPDATE CASCADE,
  CONSTRAINT `target_id_rph_foreign` FOREIGN KEY (`id_rph`) REFERENCES `rph` (`id_rph`) ON DELETE CASCADE ON UPDATE CASCADE,
  CONSTRAINT `target_id_user_foreign` FOREIGN KEY (`id_user`) REFERENCES `user` (`id_user`) ON UPDATE CASCADE,
  CONSTRAINT `chk_target_level` CHECK (`level_target` = 'BKPH' and `id_bkph` is not null and `id_rph` is null or `level_target` = 'RPH' and `id_rph` is not null and `id_bkph` is null)
) ENGINE=InnoDB AUTO_INCREMENT=309 DEFAULT CHARSET=utf8mb4 COLLATE=utf8mb4_unicode_ci;
/*!40101 SET character_set_client = @saved_cs_client */;

--
-- Dumping data for table `target`
--

LOCK TABLES `target` WRITE;
/*!40000 ALTER TABLE `target` DISABLE KEYS */;
INSERT INTO `target` VALUES (1,'BKPH',1,NULL,1,1,2026,200595,87.00,'Berlalu','2026-07-02 23:53:09','2026-07-02 23:53:09'),(2,'BKPH',1,NULL,1,2,2026,172927,75.00,'Berlalu','2026-07-02 23:53:09','2026-07-02 23:53:09'),(3,'BKPH',1,NULL,1,3,2026,189067,82.00,'Berlalu','2026-07-02 23:53:09','2026-07-02 23:53:09'),(4,'BKPH',1,NULL,1,4,2026,179844,78.00,'Berlalu','2026-07-02 23:53:09','2026-07-02 23:53:09'),(5,'BKPH',1,NULL,1,5,2026,193678,84.00,'Berlalu','2026-07-02 23:53:09','2026-07-02 23:53:09'),(6,'BKPH',1,NULL,1,6,2026,195984,85.00,'Berlalu','2026-07-02 23:53:09','2026-07-02 23:53:09'),(7,'BKPH',1,NULL,1,7,2026,209818,91.00,'Berjalan','2026-07-02 23:53:09','2026-07-02 23:53:09'),(8,'BKPH',2,NULL,1,1,2026,170616,91.00,'Berlalu','2026-07-02 23:53:09','2026-07-02 23:53:09'),(9,'BKPH',2,NULL,1,2,2026,149992,80.00,'Berlalu','2026-07-02 23:53:09','2026-07-02 23:53:09'),(10,'BKPH',2,NULL,1,3,2026,151867,81.00,'Berlalu','2026-07-02 23:53:09','2026-07-02 23:53:09'),(11,'BKPH',2,NULL,1,4,2026,140618,75.00,'Berlalu','2026-07-02 23:53:09','2026-07-02 23:53:09'),(12,'BKPH',2,NULL,1,5,2026,176241,94.00,'Berlalu','2026-07-02 23:53:09','2026-07-02 23:53:09'),(13,'BKPH',2,NULL,1,6,2026,153742,82.00,'Berlalu','2026-07-02 23:53:09','2026-07-02 23:53:09'),(14,'BKPH',2,NULL,1,7,2026,161241,86.00,'Berjalan','2026-07-02 23:53:09','2026-07-02 23:53:09'),(15,'BKPH',3,NULL,1,1,2026,397358,81.00,'Berlalu','2026-07-02 23:53:09','2026-07-02 23:53:09'),(16,'BKPH',3,NULL,1,2,2026,426792,87.00,'Berlalu','2026-07-02 23:53:09','2026-07-02 23:53:09'),(17,'BKPH',3,NULL,1,3,2026,426792,87.00,'Berlalu','2026-07-02 23:53:09','2026-07-02 23:53:09'),(18,'BKPH',3,NULL,1,4,2026,431698,88.00,'Berlalu','2026-07-02 23:53:09','2026-07-02 23:53:09'),(19,'BKPH',3,NULL,1,5,2026,382641,78.00,'Berlalu','2026-07-02 23:53:09','2026-07-02 23:53:09'),(20,'BKPH',3,NULL,1,6,2026,397358,81.00,'Berlalu','2026-07-02 23:53:09','2026-07-02 23:53:09'),(21,'BKPH',3,NULL,1,7,2026,426792,87.00,'Berjalan','2026-07-02 23:53:09','2026-07-02 23:53:09'),(22,'BKPH',4,NULL,1,1,2026,32707,95.00,'Berlalu','2026-07-02 23:53:09','2026-07-02 23:53:09'),(23,'BKPH',4,NULL,1,2,2026,27887,81.00,'Berlalu','2026-07-02 23:53:09','2026-07-02 23:53:09'),(24,'BKPH',4,NULL,1,3,2026,27542,80.00,'Berlalu','2026-07-02 23:53:09','2026-07-02 23:53:09'),(25,'BKPH',4,NULL,1,4,2026,27887,81.00,'Berlalu','2026-07-02 23:53:09','2026-07-02 23:53:09'),(26,'BKPH',4,NULL,1,5,2026,32018,93.00,'Berlalu','2026-07-02 23:53:09','2026-07-02 23:53:09'),(27,'BKPH',4,NULL,1,6,2026,29952,87.00,'Berlalu','2026-07-02 23:53:09','2026-07-02 23:53:09'),(28,'BKPH',4,NULL,1,7,2026,27198,79.00,'Berjalan','2026-07-02 23:53:09','2026-07-02 23:53:09'),(29,'BKPH',5,NULL,1,1,2026,578800,83.00,'Berlalu','2026-07-02 23:53:09','2026-07-02 23:53:09'),(30,'BKPH',5,NULL,1,2,2026,620641,89.00,'Berlalu','2026-07-02 23:53:09','2026-07-02 23:53:09'),(31,'BKPH',5,NULL,1,3,2026,536959,77.00,'Berlalu','2026-07-02 23:53:09','2026-07-02 23:53:09'),(32,'BKPH',5,NULL,1,4,2026,662482,95.00,'Berlalu','2026-07-02 23:53:09','2026-07-02 23:53:09'),(33,'BKPH',5,NULL,1,5,2026,585773,84.00,'Berlalu','2026-07-02 23:53:09','2026-07-02 23:53:09'),(34,'BKPH',5,NULL,1,6,2026,529985,76.00,'Berlalu','2026-07-02 23:53:09','2026-07-02 23:53:09'),(35,'BKPH',5,NULL,1,7,2026,655508,94.00,'Berjalan','2026-07-02 23:53:09','2026-07-02 23:53:09'),(36,'BKPH',6,NULL,1,1,2026,463599,90.00,'Berlalu','2026-07-02 23:53:09','2026-07-02 23:53:09'),(37,'BKPH',6,NULL,1,2,2026,437844,85.00,'Berlalu','2026-07-02 23:53:09','2026-07-02 23:53:09'),(38,'BKPH',6,NULL,1,3,2026,391484,76.00,'Berlalu','2026-07-02 23:53:09','2026-07-02 23:53:09'),(39,'BKPH',6,NULL,1,4,2026,463599,90.00,'Berlalu','2026-07-02 23:53:09','2026-07-02 23:53:09'),(40,'BKPH',6,NULL,1,5,2026,479052,93.00,'Berlalu','2026-07-02 23:53:09','2026-07-02 23:53:09'),(41,'BKPH',6,NULL,1,6,2026,396635,77.00,'Berlalu','2026-07-02 23:53:09','2026-07-02 23:53:09'),(42,'BKPH',6,NULL,1,7,2026,422390,82.00,'Berjalan','2026-07-02 23:53:09','2026-07-02 23:53:09'),(43,'BKPH',7,NULL,1,1,2026,584991,95.00,'Berlalu','2026-07-02 23:53:09','2026-07-02 23:53:09'),(44,'BKPH',7,NULL,1,2,2026,498782,81.00,'Berlalu','2026-07-02 23:53:09','2026-07-02 23:53:09'),(45,'BKPH',7,NULL,1,3,2026,541886,88.00,'Berlalu','2026-07-02 23:53:09','2026-07-02 23:53:09'),(46,'BKPH',7,NULL,1,4,2026,566518,92.00,'Berlalu','2026-07-02 23:53:09','2026-07-02 23:53:09'),(47,'BKPH',7,NULL,1,5,2026,504940,82.00,'Berlalu','2026-07-02 23:53:09','2026-07-02 23:53:09'),(48,'BKPH',7,NULL,1,6,2026,572675,93.00,'Berlalu','2026-07-02 23:53:09','2026-07-02 23:53:09'),(49,'BKPH',7,NULL,1,7,2026,572675,93.00,'Berjalan','2026-07-02 23:53:09','2026-07-02 23:53:09'),(50,'BKPH',8,NULL,1,1,2026,734280,93.00,'Berlalu','2026-07-02 23:53:09','2026-07-02 23:53:09'),(51,'BKPH',8,NULL,1,2,2026,750071,95.00,'Berlalu','2026-07-02 23:53:09','2026-07-02 23:53:09'),(52,'BKPH',8,NULL,1,3,2026,607952,77.00,'Berlalu','2026-07-02 23:53:09','2026-07-02 23:53:09'),(53,'BKPH',8,NULL,1,4,2026,679011,86.00,'Berlalu','2026-07-02 23:53:09','2026-07-02 23:53:09'),(54,'BKPH',8,NULL,1,5,2026,734280,93.00,'Berlalu','2026-07-02 23:53:09','2026-07-02 23:53:09'),(55,'BKPH',8,NULL,1,6,2026,679011,86.00,'Berlalu','2026-07-02 23:53:09','2026-07-02 23:53:09'),(56,'BKPH',8,NULL,1,7,2026,734280,93.00,'Berjalan','2026-07-02 23:53:09','2026-07-02 23:53:09'),(57,'RPH',NULL,1,2,1,2026,21126,93.00,'Berlalu','2026-07-02 23:53:09','2026-07-02 23:53:09'),(58,'RPH',NULL,1,2,2,2026,15901,70.00,'Berlalu','2026-07-02 23:53:09','2026-07-02 23:53:09'),(59,'RPH',NULL,1,2,3,2026,22716,100.00,'Berlalu','2026-07-02 23:53:09','2026-07-02 23:53:09'),(60,'RPH',NULL,1,2,4,2026,15901,70.00,'Berlalu','2026-07-02 23:53:09','2026-07-02 23:53:09'),(61,'RPH',NULL,1,2,5,2026,18400,81.00,'Berlalu','2026-07-02 23:53:09','2026-07-02 23:53:09'),(62,'RPH',NULL,1,2,6,2026,21353,94.00,'Berlalu','2026-07-02 23:53:09','2026-07-02 23:53:09'),(63,'RPH',NULL,1,2,7,2026,20444,90.00,'Berjalan','2026-07-02 23:53:09','2026-07-02 23:53:09'),(64,'RPH',NULL,2,73,1,2026,55009,98.00,'Berlalu','2026-07-02 23:53:09','2026-07-02 23:53:09'),(65,'RPH',NULL,2,73,2,2026,52764,94.00,'Berlalu','2026-07-02 23:53:09','2026-07-02 23:53:09'),(66,'RPH',NULL,2,73,3,2026,53325,95.00,'Berlalu','2026-07-02 23:53:09','2026-07-02 23:53:09'),(67,'RPH',NULL,2,73,4,2026,39292,70.00,'Berlalu','2026-07-02 23:53:09','2026-07-02 23:53:09'),(68,'RPH',NULL,2,73,5,2026,51080,91.00,'Berlalu','2026-07-02 23:53:09','2026-07-02 23:53:09'),(69,'RPH',NULL,2,73,6,2026,42660,76.00,'Berlalu','2026-07-02 23:53:09','2026-07-02 23:53:09'),(70,'RPH',NULL,2,73,7,2026,39292,70.00,'Berjalan','2026-07-02 23:53:09','2026-07-02 23:53:09'),(71,'RPH',NULL,3,74,1,2026,45171,88.00,'Berlalu','2026-07-02 23:53:09','2026-07-02 23:53:09'),(72,'RPH',NULL,3,74,2,2026,44658,87.00,'Berlalu','2026-07-02 23:53:09','2026-07-02 23:53:09'),(73,'RPH',NULL,3,74,3,2026,48764,95.00,'Berlalu','2026-07-02 23:53:09','2026-07-02 23:53:09'),(74,'RPH',NULL,3,74,4,2026,37985,74.00,'Berlalu','2026-07-02 23:53:09','2026-07-02 23:53:09'),(75,'RPH',NULL,3,74,5,2026,51331,100.00,'Berlalu','2026-07-02 23:53:09','2026-07-02 23:53:09'),(76,'RPH',NULL,3,74,6,2026,39012,76.00,'Berlalu','2026-07-02 23:53:09','2026-07-02 23:53:09'),(77,'RPH',NULL,3,74,7,2026,39525,77.00,'Berjalan','2026-07-02 23:53:09','2026-07-02 23:53:09'),(78,'RPH',NULL,4,75,1,2026,24154,90.00,'Berlalu','2026-07-02 23:53:09','2026-07-02 23:53:09'),(79,'RPH',NULL,4,75,2,2026,26838,100.00,'Berlalu','2026-07-02 23:53:09','2026-07-02 23:53:09'),(80,'RPH',NULL,4,75,3,2026,20665,77.00,'Berlalu','2026-07-02 23:53:09','2026-07-02 23:53:09'),(81,'RPH',NULL,4,75,4,2026,20934,78.00,'Berlalu','2026-07-02 23:53:09','2026-07-02 23:53:09'),(82,'RPH',NULL,4,75,5,2026,21739,81.00,'Berlalu','2026-07-02 23:53:09','2026-07-02 23:53:09'),(83,'RPH',NULL,4,75,6,2026,23349,87.00,'Berlalu','2026-07-02 23:53:09','2026-07-02 23:53:09'),(84,'RPH',NULL,4,75,7,2026,22007,82.00,'Berjalan','2026-07-02 23:53:09','2026-07-02 23:53:09'),(85,'RPH',NULL,5,76,1,2026,52222,71.00,'Berlalu','2026-07-02 23:53:09','2026-07-02 23:53:09'),(86,'RPH',NULL,5,76,2,2026,62519,85.00,'Berlalu','2026-07-02 23:53:09','2026-07-02 23:53:09'),(87,'RPH',NULL,5,76,3,2026,52222,71.00,'Berlalu','2026-07-02 23:53:09','2026-07-02 23:53:09'),(88,'RPH',NULL,5,76,4,2026,57371,78.00,'Berlalu','2026-07-02 23:53:09','2026-07-02 23:53:09'),(89,'RPH',NULL,5,76,5,2026,51486,70.00,'Berlalu','2026-07-02 23:53:09','2026-07-02 23:53:09'),(90,'RPH',NULL,5,76,6,2026,71345,97.00,'Berlalu','2026-07-02 23:53:09','2026-07-02 23:53:09'),(91,'RPH',NULL,5,76,7,2026,72081,98.00,'Berjalan','2026-07-02 23:53:09','2026-07-02 23:53:09'),(92,'RPH',NULL,6,77,1,2026,21558,83.00,'Berlalu','2026-07-02 23:53:09','2026-07-02 23:53:09'),(93,'RPH',NULL,6,77,2,2026,22857,88.00,'Berlalu','2026-07-02 23:53:09','2026-07-02 23:53:09'),(94,'RPH',NULL,6,77,3,2026,24156,93.00,'Berlalu','2026-07-02 23:53:09','2026-07-02 23:53:09'),(95,'RPH',NULL,6,77,4,2026,24156,93.00,'Berlalu','2026-07-02 23:53:09','2026-07-02 23:53:09'),(96,'RPH',NULL,6,77,5,2026,18442,71.00,'Berlalu','2026-07-02 23:53:09','2026-07-02 23:53:09'),(97,'RPH',NULL,6,77,6,2026,20260,78.00,'Berlalu','2026-07-02 23:53:09','2026-07-02 23:53:09'),(98,'RPH',NULL,6,77,7,2026,25455,98.00,'Berjalan','2026-07-02 23:53:09','2026-07-02 23:53:09'),(99,'RPH',NULL,7,78,1,2026,14703,75.00,'Berlalu','2026-07-02 23:53:09','2026-07-02 23:53:09'),(100,'RPH',NULL,7,78,2,2026,14899,76.00,'Berlalu','2026-07-02 23:53:09','2026-07-02 23:53:09'),(101,'RPH',NULL,7,78,3,2026,19408,99.00,'Berlalu','2026-07-02 23:53:09','2026-07-02 23:53:09'),(102,'RPH',NULL,7,78,4,2026,15487,79.00,'Berlalu','2026-07-02 23:53:09','2026-07-02 23:53:09'),(103,'RPH',NULL,7,78,5,2026,16075,82.00,'Berlalu','2026-07-02 23:53:09','2026-07-02 23:53:09'),(104,'RPH',NULL,7,78,6,2026,18624,95.00,'Berlalu','2026-07-02 23:53:09','2026-07-02 23:53:09'),(105,'RPH',NULL,7,78,7,2026,16075,82.00,'Berjalan','2026-07-02 23:53:09','2026-07-02 23:53:09'),(106,'RPH',NULL,8,79,1,2026,50622,89.00,'Berlalu','2026-07-02 23:53:09','2026-07-02 23:53:09'),(107,'RPH',NULL,8,79,2,2026,48347,85.00,'Berlalu','2026-07-02 23:53:09','2026-07-02 23:53:09'),(108,'RPH',NULL,8,79,3,2026,55741,98.00,'Berlalu','2026-07-02 23:53:09','2026-07-02 23:53:09'),(109,'RPH',NULL,8,79,4,2026,47210,83.00,'Berlalu','2026-07-02 23:53:09','2026-07-02 23:53:09'),(110,'RPH',NULL,8,79,5,2026,56879,100.00,'Berlalu','2026-07-02 23:53:09','2026-07-02 23:53:09'),(111,'RPH',NULL,8,79,6,2026,42659,75.00,'Berlalu','2026-07-02 23:53:09','2026-07-02 23:53:09'),(112,'RPH',NULL,8,79,7,2026,47778,84.00,'Berjalan','2026-07-02 23:53:09','2026-07-02 23:53:09'),(113,'RPH',NULL,9,80,1,2026,4213,74.00,'Berlalu','2026-07-02 23:53:09','2026-07-02 23:53:09'),(114,'RPH',NULL,9,80,2,2026,4668,82.00,'Berlalu','2026-07-02 23:53:09','2026-07-02 23:53:09'),(115,'RPH',NULL,9,80,3,2026,5408,94.99,'Berlalu','2026-07-02 23:53:09','2026-07-02 23:53:09'),(116,'RPH',NULL,9,80,4,2026,3985,70.00,'Berlalu','2026-07-02 23:53:09','2026-07-02 23:53:09'),(117,'RPH',NULL,9,80,5,2026,4839,85.00,'Berlalu','2026-07-02 23:53:09','2026-07-02 23:53:09'),(118,'RPH',NULL,9,80,6,2026,4896,86.00,'Berlalu','2026-07-02 23:53:09','2026-07-02 23:53:09'),(119,'RPH',NULL,9,80,7,2026,4156,73.00,'Berjalan','2026-07-02 23:53:09','2026-07-02 23:53:09'),(120,'RPH',NULL,10,81,1,2026,20287,76.00,'Berlalu','2026-07-02 23:53:09','2026-07-02 23:53:09'),(121,'RPH',NULL,10,81,2,2026,22957,86.00,'Berlalu','2026-07-02 23:53:09','2026-07-02 23:53:09'),(122,'RPH',NULL,10,81,3,2026,23491,88.00,'Berlalu','2026-07-02 23:53:09','2026-07-02 23:53:09'),(123,'RPH',NULL,10,81,4,2026,26694,100.00,'Berlalu','2026-07-02 23:53:09','2026-07-02 23:53:09'),(124,'RPH',NULL,10,81,5,2026,20287,76.00,'Berlalu','2026-07-02 23:53:09','2026-07-02 23:53:09'),(125,'RPH',NULL,10,81,6,2026,24292,91.00,'Berlalu','2026-07-02 23:53:09','2026-07-02 23:53:09'),(126,'RPH',NULL,10,81,7,2026,24292,91.00,'Berjalan','2026-07-02 23:53:09','2026-07-02 23:53:09'),(127,'RPH',NULL,11,82,1,2026,44223,84.00,'Berlalu','2026-07-02 23:53:10','2026-07-02 23:53:10'),(128,'RPH',NULL,11,82,2,2026,37905,72.00,'Berlalu','2026-07-02 23:53:10','2026-07-02 23:53:10'),(129,'RPH',NULL,11,82,3,2026,43170,82.00,'Berlalu','2026-07-02 23:53:10','2026-07-02 23:53:10'),(130,'RPH',NULL,11,82,4,2026,39485,75.00,'Berlalu','2026-07-02 23:53:10','2026-07-02 23:53:10'),(131,'RPH',NULL,11,82,5,2026,44749,85.00,'Berlalu','2026-07-02 23:53:10','2026-07-02 23:53:10'),(132,'RPH',NULL,11,82,6,2026,50014,95.00,'Berlalu','2026-07-02 23:53:10','2026-07-02 23:53:10'),(133,'RPH',NULL,11,82,7,2026,52646,100.00,'Berjalan','2026-07-02 23:53:10','2026-07-02 23:53:10'),(134,'RPH',NULL,12,83,1,2026,70038,79.00,'Berlalu','2026-07-02 23:53:10','2026-07-02 23:53:10'),(135,'RPH',NULL,12,83,2,2026,67379,76.00,'Berlalu','2026-07-02 23:53:10','2026-07-02 23:53:10'),(136,'RPH',NULL,12,83,3,2026,67379,76.00,'Berlalu','2026-07-02 23:53:10','2026-07-02 23:53:10'),(137,'RPH',NULL,12,83,4,2026,77131,87.00,'Berlalu','2026-07-02 23:53:10','2026-07-02 23:53:10'),(138,'RPH',NULL,12,83,5,2026,87769,99.00,'Berlalu','2026-07-02 23:53:10','2026-07-02 23:53:10'),(139,'RPH',NULL,12,83,6,2026,75358,85.00,'Berlalu','2026-07-02 23:53:10','2026-07-02 23:53:10'),(140,'RPH',NULL,12,83,7,2026,67379,76.00,'Berjalan','2026-07-02 23:53:10','2026-07-02 23:53:10'),(141,'RPH',NULL,13,84,1,2026,41710,80.00,'Berlalu','2026-07-02 23:53:10','2026-07-02 23:53:10'),(142,'RPH',NULL,13,84,2,2026,48487,93.00,'Berlalu','2026-07-02 23:53:10','2026-07-02 23:53:10'),(143,'RPH',NULL,13,84,3,2026,36496,70.00,'Berlalu','2026-07-02 23:53:10','2026-07-02 23:53:10'),(144,'RPH',NULL,13,84,4,2026,48487,93.00,'Berlalu','2026-07-02 23:53:10','2026-07-02 23:53:10'),(145,'RPH',NULL,13,84,5,2026,38060,73.00,'Berlalu','2026-07-02 23:53:10','2026-07-02 23:53:10'),(146,'RPH',NULL,13,84,6,2026,44838,86.00,'Berlalu','2026-07-02 23:53:10','2026-07-02 23:53:10'),(147,'RPH',NULL,13,84,7,2026,46923,90.00,'Berjalan','2026-07-02 23:53:10','2026-07-02 23:53:10'),(148,'RPH',NULL,14,85,1,2026,60187,96.00,'Berlalu','2026-07-02 23:53:10','2026-07-02 23:53:10'),(149,'RPH',NULL,14,85,2,2026,57052,91.00,'Berlalu','2026-07-02 23:53:10','2026-07-02 23:53:10'),(150,'RPH',NULL,14,85,3,2026,50783,81.00,'Berlalu','2026-07-02 23:53:10','2026-07-02 23:53:10'),(151,'RPH',NULL,14,85,4,2026,52037,83.00,'Berlalu','2026-07-02 23:53:10','2026-07-02 23:53:10'),(152,'RPH',NULL,14,85,5,2026,60187,96.00,'Berlalu','2026-07-02 23:53:10','2026-07-02 23:53:10'),(153,'RPH',NULL,14,85,6,2026,49529,79.00,'Berlalu','2026-07-02 23:53:10','2026-07-02 23:53:10'),(154,'RPH',NULL,14,85,7,2026,52664,84.00,'Berjalan','2026-07-02 23:53:10','2026-07-02 23:53:10'),(155,'RPH',NULL,15,86,1,2026,130164,74.00,'Berlalu','2026-07-02 23:53:10','2026-07-02 23:53:10'),(156,'RPH',NULL,15,86,2,2026,170620,97.00,'Berlalu','2026-07-02 23:53:10','2026-07-02 23:53:10'),(157,'RPH',NULL,15,86,3,2026,123128,70.00,'Berlalu','2026-07-02 23:53:10','2026-07-02 23:53:10'),(158,'RPH',NULL,15,86,4,2026,158307,90.00,'Berlalu','2026-07-02 23:53:10','2026-07-02 23:53:10'),(159,'RPH',NULL,15,86,5,2026,167102,95.00,'Berlalu','2026-07-02 23:53:10','2026-07-02 23:53:10'),(160,'RPH',NULL,15,86,6,2026,175897,100.00,'Berlalu','2026-07-02 23:53:10','2026-07-02 23:53:10'),(161,'RPH',NULL,15,86,7,2026,172379,98.00,'Berjalan','2026-07-02 23:53:10','2026-07-02 23:53:10'),(162,'RPH',NULL,16,87,1,2026,80050,72.00,'Berlalu','2026-07-02 23:53:10','2026-07-02 23:53:10'),(163,'RPH',NULL,16,87,2,2026,82274,74.00,'Berlalu','2026-07-02 23:53:10','2026-07-02 23:53:10'),(164,'RPH',NULL,16,87,3,2026,106734,96.00,'Berlalu','2026-07-02 23:53:10','2026-07-02 23:53:10'),(165,'RPH',NULL,16,87,4,2026,92280,83.00,'Berlalu','2026-07-02 23:53:10','2026-07-02 23:53:10'),(166,'RPH',NULL,16,87,5,2026,87833,79.00,'Berlalu','2026-07-02 23:53:10','2026-07-02 23:53:10'),(167,'RPH',NULL,16,87,6,2026,80050,72.00,'Berlalu','2026-07-02 23:53:10','2026-07-02 23:53:10'),(168,'RPH',NULL,16,87,7,2026,108957,98.00,'Berjalan','2026-07-02 23:53:10','2026-07-02 23:53:10'),(169,'RPH',NULL,17,88,1,2026,8918,88.00,'Berlalu','2026-07-02 23:53:10','2026-07-02 23:53:10'),(170,'RPH',NULL,17,88,2,2026,8411,83.00,'Berlalu','2026-07-02 23:53:10','2026-07-02 23:53:10'),(171,'RPH',NULL,17,88,3,2026,8715,86.00,'Berlalu','2026-07-02 23:53:10','2026-07-02 23:53:10'),(172,'RPH',NULL,17,88,4,2026,7296,72.00,'Berlalu','2026-07-02 23:53:10','2026-07-02 23:53:10'),(173,'RPH',NULL,17,88,5,2026,7296,72.00,'Berlalu','2026-07-02 23:53:10','2026-07-02 23:53:10'),(174,'RPH',NULL,17,88,6,2026,7094,70.00,'Berlalu','2026-07-02 23:53:10','2026-07-02 23:53:10'),(175,'RPH',NULL,17,88,7,2026,9729,96.00,'Berjalan','2026-07-02 23:53:10','2026-07-02 23:53:10'),(176,'RPH',NULL,18,89,1,2026,13892,90.00,'Berlalu','2026-07-02 23:53:10','2026-07-02 23:53:10'),(177,'RPH',NULL,18,89,2,2026,14355,93.00,'Berlalu','2026-07-02 23:53:10','2026-07-02 23:53:10'),(178,'RPH',NULL,18,89,3,2026,15127,98.00,'Berlalu','2026-07-02 23:53:10','2026-07-02 23:53:10'),(179,'RPH',NULL,18,89,4,2026,15282,99.00,'Berlalu','2026-07-02 23:53:10','2026-07-02 23:53:10'),(180,'RPH',NULL,18,89,5,2026,11114,72.00,'Berlalu','2026-07-02 23:53:10','2026-07-02 23:53:10'),(181,'RPH',NULL,18,89,6,2026,12658,82.00,'Berlalu','2026-07-02 23:53:10','2026-07-02 23:53:10'),(182,'RPH',NULL,18,89,7,2026,15127,98.00,'Berjalan','2026-07-02 23:53:10','2026-07-02 23:53:10'),(183,'RPH',NULL,19,90,1,2026,8327,94.01,'Berlalu','2026-07-02 23:53:10','2026-07-02 23:53:10'),(184,'RPH',NULL,19,90,2,2026,8149,92.00,'Berlalu','2026-07-02 23:53:10','2026-07-02 23:53:10'),(185,'RPH',NULL,19,90,3,2026,8592,97.00,'Berlalu','2026-07-02 23:53:10','2026-07-02 23:53:10'),(186,'RPH',NULL,19,90,4,2026,8149,92.00,'Berlalu','2026-07-02 23:53:10','2026-07-02 23:53:10'),(187,'RPH',NULL,19,90,5,2026,8592,97.00,'Berlalu','2026-07-02 23:53:10','2026-07-02 23:53:10'),(188,'RPH',NULL,19,90,6,2026,6466,73.00,'Berlalu','2026-07-02 23:53:10','2026-07-02 23:53:10'),(189,'RPH',NULL,19,90,7,2026,7972,90.00,'Berjalan','2026-07-02 23:53:10','2026-07-02 23:53:10'),(190,'RPH',NULL,20,91,1,2026,13875,99.00,'Berlalu','2026-07-02 23:53:10','2026-07-02 23:53:10'),(191,'RPH',NULL,20,91,2,2026,13735,98.00,'Berlalu','2026-07-02 23:53:10','2026-07-02 23:53:10'),(192,'RPH',NULL,20,91,3,2026,11913,85.00,'Berlalu','2026-07-02 23:53:10','2026-07-02 23:53:10'),(193,'RPH',NULL,20,91,4,2026,9951,71.00,'Berlalu','2026-07-02 23:53:10','2026-07-02 23:53:10'),(194,'RPH',NULL,20,91,5,2026,13595,97.00,'Berlalu','2026-07-02 23:53:10','2026-07-02 23:53:10'),(195,'RPH',NULL,20,91,6,2026,14015,100.00,'Berlalu','2026-07-02 23:53:10','2026-07-02 23:53:10'),(196,'RPH',NULL,20,91,7,2026,9951,71.00,'Berjalan','2026-07-02 23:53:10','2026-07-02 23:53:10'),(197,'RPH',NULL,21,92,1,2026,77763,93.00,'Berlalu','2026-07-02 23:53:10','2026-07-02 23:53:10'),(198,'RPH',NULL,21,92,2,2026,59367,71.00,'Berlalu','2026-07-02 23:53:10','2026-07-02 23:53:10'),(199,'RPH',NULL,21,92,3,2026,66893,80.00,'Berlalu','2026-07-02 23:53:10','2026-07-02 23:53:10'),(200,'RPH',NULL,21,92,4,2026,74418,89.00,'Berlalu','2026-07-02 23:53:10','2026-07-02 23:53:10'),(201,'RPH',NULL,21,92,5,2026,78599,94.00,'Berlalu','2026-07-02 23:53:10','2026-07-02 23:53:10'),(202,'RPH',NULL,21,92,6,2026,79435,95.00,'Berlalu','2026-07-02 23:53:10','2026-07-02 23:53:10'),(203,'RPH',NULL,21,92,7,2026,71074,85.00,'Berjalan','2026-07-02 23:53:10','2026-07-02 23:53:10'),(204,'RPH',NULL,22,93,1,2026,167906,94.00,'Berlalu','2026-07-02 23:53:10','2026-07-02 23:53:10'),(205,'RPH',NULL,22,93,2,2026,126822,71.00,'Berlalu','2026-07-02 23:53:10','2026-07-02 23:53:10'),(206,'RPH',NULL,22,93,3,2026,164333,92.00,'Berlalu','2026-07-02 23:53:10','2026-07-02 23:53:10'),(207,'RPH',NULL,22,93,4,2026,142898,80.00,'Berlalu','2026-07-02 23:53:10','2026-07-02 23:53:10'),(208,'RPH',NULL,22,93,5,2026,153616,86.00,'Berlalu','2026-07-02 23:53:10','2026-07-02 23:53:10'),(209,'RPH',NULL,22,93,6,2026,178623,100.00,'Berlalu','2026-07-02 23:53:10','2026-07-02 23:53:10'),(210,'RPH',NULL,22,93,7,2026,153616,86.00,'Berjalan','2026-07-02 23:53:10','2026-07-02 23:53:10'),(211,'RPH',NULL,23,94,1,2026,66025,79.00,'Berlalu','2026-07-02 23:53:10','2026-07-02 23:53:10'),(212,'RPH',NULL,23,94,2,2026,74383,89.00,'Berlalu','2026-07-02 23:53:10','2026-07-02 23:53:10'),(213,'RPH',NULL,23,94,3,2026,69368,83.00,'Berlalu','2026-07-02 23:53:10','2026-07-02 23:53:10'),(214,'RPH',NULL,23,94,4,2026,73547,88.00,'Berlalu','2026-07-02 23:53:10','2026-07-02 23:53:10'),(215,'RPH',NULL,23,94,5,2026,59339,71.00,'Berlalu','2026-07-02 23:53:10','2026-07-02 23:53:10'),(216,'RPH',NULL,23,94,6,2026,83576,100.00,'Berlalu','2026-07-02 23:53:10','2026-07-02 23:53:10'),(217,'RPH',NULL,23,94,7,2026,73547,88.00,'Berjalan','2026-07-02 23:53:10','2026-07-02 23:53:10'),(218,'RPH',NULL,24,95,1,2026,337519,100.00,'Berlalu','2026-07-02 23:53:10','2026-07-02 23:53:10'),(219,'RPH',NULL,24,95,2,2026,243014,72.00,'Berlalu','2026-07-02 23:53:10','2026-07-02 23:53:10'),(220,'RPH',NULL,24,95,3,2026,324018,96.00,'Berlalu','2026-07-02 23:53:10','2026-07-02 23:53:10'),(221,'RPH',NULL,24,95,4,2026,256514,76.00,'Berlalu','2026-07-02 23:53:10','2026-07-02 23:53:10'),(222,'RPH',NULL,24,95,5,2026,307142,91.00,'Berlalu','2026-07-02 23:53:10','2026-07-02 23:53:10'),(223,'RPH',NULL,24,95,6,2026,310517,92.00,'Berlalu','2026-07-02 23:53:10','2026-07-02 23:53:10'),(224,'RPH',NULL,24,95,7,2026,256514,76.00,'Berjalan','2026-07-02 23:53:10','2026-07-02 23:53:10'),(225,'RPH',NULL,25,96,1,2026,170260,78.00,'Berlalu','2026-07-02 23:53:10','2026-07-02 23:53:10'),(226,'RPH',NULL,25,96,2,2026,181174,83.00,'Berlalu','2026-07-02 23:53:10','2026-07-02 23:53:10'),(227,'RPH',NULL,25,96,3,2026,178991,82.00,'Berlalu','2026-07-02 23:53:10','2026-07-02 23:53:10'),(228,'RPH',NULL,25,96,4,2026,194271,89.00,'Berlalu','2026-07-02 23:53:10','2026-07-02 23:53:10'),(229,'RPH',NULL,25,96,5,2026,211734,97.00,'Berlalu','2026-07-02 23:53:11','2026-07-02 23:53:11'),(230,'RPH',NULL,25,96,6,2026,183357,84.00,'Berlalu','2026-07-02 23:53:11','2026-07-02 23:53:11'),(231,'RPH',NULL,25,96,7,2026,216099,99.00,'Berjalan','2026-07-02 23:53:11','2026-07-02 23:53:11'),(232,'RPH',NULL,26,97,1,2026,249391,86.00,'Berlalu','2026-07-02 23:53:11','2026-07-02 23:53:11'),(233,'RPH',NULL,26,97,2,2026,231991,80.00,'Berlalu','2026-07-02 23:53:11','2026-07-02 23:53:11'),(234,'RPH',NULL,26,97,3,2026,263890,91.00,'Berlalu','2026-07-02 23:53:11','2026-07-02 23:53:11'),(235,'RPH',NULL,26,97,4,2026,217492,75.00,'Berlalu','2026-07-02 23:53:11','2026-07-02 23:53:11'),(236,'RPH',NULL,26,97,5,2026,269690,93.00,'Berlalu','2026-07-02 23:53:11','2026-07-02 23:53:11'),(237,'RPH',NULL,26,97,6,2026,284189,98.00,'Berlalu','2026-07-02 23:53:11','2026-07-02 23:53:11'),(238,'RPH',NULL,26,97,7,2026,272590,94.00,'Berjalan','2026-07-02 23:53:11','2026-07-02 23:53:11'),(239,'RPH',NULL,27,98,1,2026,5495,92.00,'Berlalu','2026-07-02 23:53:11','2026-07-02 23:53:11'),(240,'RPH',NULL,27,98,2,2026,4181,70.00,'Berlalu','2026-07-02 23:53:11','2026-07-02 23:53:11'),(241,'RPH',NULL,27,98,3,2026,5674,94.99,'Berlalu','2026-07-02 23:53:11','2026-07-02 23:53:11'),(242,'RPH',NULL,27,98,4,2026,5615,94.01,'Berlalu','2026-07-02 23:53:11','2026-07-02 23:53:11'),(243,'RPH',NULL,27,98,5,2026,4719,79.01,'Berlalu','2026-07-02 23:53:11','2026-07-02 23:53:11'),(244,'RPH',NULL,27,98,6,2026,4659,78.00,'Berlalu','2026-07-02 23:53:11','2026-07-02 23:53:11'),(245,'RPH',NULL,27,98,7,2026,5973,100.00,'Berjalan','2026-07-02 23:53:11','2026-07-02 23:53:11'),(246,'RPH',NULL,28,99,1,2026,632,72.98,'Berlalu','2026-07-02 23:53:11','2026-07-02 23:53:11'),(247,'RPH',NULL,28,99,2,2026,719,83.03,'Berlalu','2026-07-02 23:53:11','2026-07-02 23:53:11'),(248,'RPH',NULL,28,99,3,2026,667,77.02,'Berlalu','2026-07-02 23:53:11','2026-07-02 23:53:11'),(249,'RPH',NULL,28,99,4,2026,693,80.02,'Berlalu','2026-07-02 23:53:11','2026-07-02 23:53:11'),(250,'RPH',NULL,28,99,5,2026,615,71.02,'Berlalu','2026-07-02 23:53:11','2026-07-02 23:53:11'),(251,'RPH',NULL,28,99,6,2026,805,92.96,'Berlalu','2026-07-02 23:53:11','2026-07-02 23:53:11'),(252,'RPH',NULL,28,99,7,2026,667,77.02,'Berjalan','2026-07-02 23:53:11','2026-07-02 23:53:11'),(253,'RPH',NULL,29,100,1,2026,82779,92.00,'Berlalu','2026-07-02 23:53:11','2026-07-02 23:53:11'),(254,'RPH',NULL,29,100,2,2026,79180,88.00,'Berlalu','2026-07-02 23:53:11','2026-07-02 23:53:11'),(255,'RPH',NULL,29,100,3,2026,81879,91.00,'Berlalu','2026-07-02 23:53:11','2026-07-02 23:53:11'),(256,'RPH',NULL,29,100,4,2026,70182,78.00,'Berlalu','2026-07-02 23:53:11','2026-07-02 23:53:11'),(257,'RPH',NULL,29,100,5,2026,75581,84.00,'Berlalu','2026-07-02 23:53:11','2026-07-02 23:53:11'),(258,'RPH',NULL,29,100,6,2026,80080,89.00,'Berlalu','2026-07-02 23:53:11','2026-07-02 23:53:11'),(259,'RPH',NULL,29,100,7,2026,82779,92.00,'Berjalan','2026-07-02 23:53:11','2026-07-02 23:53:11'),(260,'RPH',NULL,30,101,1,2026,163255,93.00,'Berlalu','2026-07-02 23:53:11','2026-07-02 23:53:11'),(261,'RPH',NULL,30,101,2,2026,157989,90.00,'Berlalu','2026-07-02 23:53:11','2026-07-02 23:53:11'),(262,'RPH',NULL,30,101,3,2026,145701,83.00,'Berlalu','2026-07-02 23:53:11','2026-07-02 23:53:11'),(263,'RPH',NULL,30,101,4,2026,131657,75.00,'Berlalu','2026-07-02 23:53:11','2026-07-02 23:53:11'),(264,'RPH',NULL,30,101,5,2026,131657,75.00,'Berlalu','2026-07-02 23:53:11','2026-07-02 23:53:11'),(265,'RPH',NULL,30,101,6,2026,135168,77.00,'Berlalu','2026-07-02 23:53:11','2026-07-02 23:53:11'),(266,'RPH',NULL,30,101,7,2026,129902,74.00,'Berjalan','2026-07-02 23:53:11','2026-07-02 23:53:11'),(267,'RPH',NULL,31,102,1,2026,253633,100.00,'Berlalu','2026-07-02 23:53:11','2026-07-02 23:53:11'),(268,'RPH',NULL,31,102,2,2026,187688,74.00,'Berlalu','2026-07-02 23:53:11','2026-07-02 23:53:11'),(269,'RPH',NULL,31,102,3,2026,180079,71.00,'Berlalu','2026-07-02 23:53:11','2026-07-02 23:53:11'),(270,'RPH',NULL,31,102,4,2026,195297,77.00,'Berlalu','2026-07-02 23:53:11','2026-07-02 23:53:11'),(271,'RPH',NULL,31,102,5,2026,228270,90.00,'Berlalu','2026-07-02 23:53:11','2026-07-02 23:53:11'),(272,'RPH',NULL,31,102,6,2026,210515,83.00,'Berlalu','2026-07-02 23:53:11','2026-07-02 23:53:11'),(273,'RPH',NULL,31,102,7,2026,205443,81.00,'Berjalan','2026-07-02 23:53:11','2026-07-02 23:53:11'),(274,'RPH',NULL,32,103,1,2026,85998,89.00,'Berlalu','2026-07-02 23:53:11','2026-07-02 23:53:11'),(275,'RPH',NULL,32,103,2,2026,91796,95.00,'Berlalu','2026-07-02 23:53:11','2026-07-02 23:53:11'),(276,'RPH',NULL,32,103,3,2026,74403,77.00,'Berlalu','2026-07-02 23:53:11','2026-07-02 23:53:11'),(277,'RPH',NULL,32,103,4,2026,67639,70.00,'Berlalu','2026-07-02 23:53:11','2026-07-02 23:53:11'),(278,'RPH',NULL,32,103,5,2026,85032,88.00,'Berlalu','2026-07-02 23:53:11','2026-07-02 23:53:11'),(279,'RPH',NULL,32,103,6,2026,75369,78.00,'Berlalu','2026-07-02 23:53:11','2026-07-02 23:53:11'),(280,'RPH',NULL,32,103,7,2026,87931,91.00,'Berjalan','2026-07-02 23:53:11','2026-07-02 23:53:11'),(281,'RPH',NULL,33,104,1,2026,189326,84.00,'Berlalu','2026-07-02 23:53:11','2026-07-02 23:53:11'),(282,'RPH',NULL,33,104,2,2026,166787,74.00,'Berlalu','2026-07-02 23:53:11','2026-07-02 23:53:11'),(283,'RPH',NULL,33,104,3,2026,205103,91.00,'Berlalu','2026-07-02 23:53:11','2026-07-02 23:53:11'),(284,'RPH',NULL,33,104,4,2026,207357,92.00,'Berlalu','2026-07-02 23:53:11','2026-07-02 23:53:11'),(285,'RPH',NULL,33,104,5,2026,216372,96.00,'Berlalu','2026-07-02 23:53:11','2026-07-02 23:53:11'),(286,'RPH',NULL,33,104,6,2026,157772,70.00,'Berlalu','2026-07-02 23:53:11','2026-07-02 23:53:11'),(287,'RPH',NULL,33,104,7,2026,211865,94.00,'Berjalan','2026-07-02 23:53:11','2026-07-02 23:53:11'),(288,'RPH',NULL,34,105,1,2026,11771,85.00,'Berlalu','2026-07-02 23:53:11','2026-07-02 23:53:11'),(289,'RPH',NULL,34,105,2,2026,13710,99.00,'Berlalu','2026-07-02 23:53:11','2026-07-02 23:53:11'),(290,'RPH',NULL,34,105,3,2026,13017,94.00,'Berlalu','2026-07-02 23:53:11','2026-07-02 23:53:11'),(291,'RPH',NULL,34,105,4,2026,10524,76.00,'Berlalu','2026-07-02 23:53:11','2026-07-02 23:53:11'),(292,'RPH',NULL,34,105,5,2026,10801,78.00,'Berlalu','2026-07-02 23:53:11','2026-07-02 23:53:11'),(293,'RPH',NULL,34,105,6,2026,11494,83.00,'Berlalu','2026-07-02 23:53:11','2026-07-02 23:53:11'),(294,'RPH',NULL,34,105,7,2026,12879,93.00,'Berjalan','2026-07-02 23:53:11','2026-07-02 23:53:11'),(295,'RPH',NULL,35,106,1,2026,125803,74.00,'Berlalu','2026-07-02 23:53:11','2026-07-02 23:53:11'),(296,'RPH',NULL,35,106,2,2026,159804,94.00,'Berlalu','2026-07-02 23:53:11','2026-07-02 23:53:11'),(297,'RPH',NULL,35,106,3,2026,144503,85.00,'Berlalu','2026-07-02 23:53:11','2026-07-02 23:53:11'),(298,'RPH',NULL,35,106,4,2026,158104,93.00,'Berlalu','2026-07-02 23:53:11','2026-07-02 23:53:11'),(299,'RPH',NULL,35,106,5,2026,151304,89.00,'Berlalu','2026-07-02 23:53:11','2026-07-02 23:53:11'),(300,'RPH',NULL,35,106,6,2026,161504,95.00,'Berlalu','2026-07-02 23:53:11','2026-07-02 23:53:11'),(301,'RPH',NULL,35,106,7,2026,158104,93.00,'Berjalan','2026-07-02 23:53:11','2026-07-02 23:53:11'),(302,'RPH',NULL,36,107,1,2026,334671,88.00,'Berlalu','2026-07-02 23:53:11','2026-07-02 23:53:11'),(303,'RPH',NULL,36,107,2,2026,323262,85.00,'Berlalu','2026-07-02 23:53:11','2026-07-02 23:53:11'),(304,'RPH',NULL,36,107,3,2026,281428,74.00,'Berlalu','2026-07-02 23:53:11','2026-07-02 23:53:11'),(305,'RPH',NULL,36,107,4,2026,273822,72.00,'Berlalu','2026-07-02 23:53:11','2026-07-02 23:53:11'),(306,'RPH',NULL,36,107,5,2026,292837,77.00,'Berlalu','2026-07-02 23:53:11','2026-07-02 23:53:11'),(307,'RPH',NULL,36,107,6,2026,330868,87.00,'Berlalu','2026-07-02 23:53:11','2026-07-02 23:53:11'),(308,'RPH',NULL,36,107,7,2026,296640,78.00,'Berjalan','2026-07-02 23:53:11','2026-07-02 23:53:11');
/*!40000 ALTER TABLE `target` ENABLE KEYS */;
UNLOCK TABLES;

--
-- Table structure for table `user`
--

DROP TABLE IF EXISTS `user`;
/*!40101 SET @saved_cs_client     = @@character_set_client */;
/*!40101 SET character_set_client = utf8 */;
CREATE TABLE `user` (
  `id_user` int(10) unsigned NOT NULL AUTO_INCREMENT,
  `nama` varchar(100) NOT NULL,
  `username` varchar(50) NOT NULL,
  `password` varchar(255) NOT NULL,
  `role` enum('KPH','KRPH') NOT NULL,
  `id_rph` int(10) unsigned DEFAULT NULL COMMENT 'Wajib diisi jika role = KRPH. NULL utk role KPH (akses seluruh KPH Kediri)',
  `status_aktif` tinyint(1) NOT NULL DEFAULT 1,
  `remember_token` varchar(100) DEFAULT NULL,
  `created_at` timestamp NULL DEFAULT NULL,
  `updated_at` timestamp NULL DEFAULT NULL,
  PRIMARY KEY (`id_user`),
  UNIQUE KEY `user_username_unique` (`username`),
  KEY `user_id_rph_foreign` (`id_rph`),
  CONSTRAINT `user_id_rph_foreign` FOREIGN KEY (`id_rph`) REFERENCES `rph` (`id_rph`) ON DELETE SET NULL ON UPDATE CASCADE,
  CONSTRAINT `chk_user_role_wilayah` CHECK (`role` = 'KRPH' and `id_rph` is not null or `role` = 'KPH')
) ENGINE=InnoDB AUTO_INCREMENT=109 DEFAULT CHARSET=utf8mb4 COLLATE=utf8mb4_unicode_ci;
/*!40101 SET character_set_client = @saved_cs_client */;

--
-- Dumping data for table `user`
--

LOCK TABLES `user` WRITE;
/*!40000 ALTER TABLE `user` DISABLE KEYS */;
INSERT INTO `user` VALUES (1,'KPH Kediri','kph.kediri','$2y$12$KUPAeo6sh4UwiBECYGRT5.bX11NyYKXKEGmUjWmz4Cf62h4wPUkG6','KPH',NULL,1,NULL,'2026-07-02 22:14:52','2026-07-02 22:14:52'),(2,'Asper Kalipang','asper.kalipang','$2y$12$rhFaPMixB//zUxy0n9s3GO7/NGwOHWJ7174ZlEK6tZWd38G8Fw67W','KRPH',1,1,NULL,'2026-07-02 22:14:52','2026-07-02 22:14:52'),(73,'Asper Kanyoran','asper.kanyoran','$2y$12$EzVpG2IYqg1ACTMWaV7uLuM8CmnEFNl6PW.8gg8RxS2g.qFv/PBjq','KRPH',2,1,NULL,'2026-07-02 23:52:59','2026-07-02 23:52:59'),(74,'Asper Pamongan','asper.pamongan','$2y$12$0owpxl4n/kRPHiSKUe4ztugptlHZeRJifn2ASDWR11THJ9JRkTiqi','KRPH',3,1,NULL,'2026-07-02 23:52:59','2026-07-02 23:52:59'),(75,'Asper Parang','asper.parang','$2y$12$gzWB2M8lyKEv6JANInw1Be0lF4u7xJtL230TSzas4uy59dNI8XtJW','KRPH',4,1,NULL,'2026-07-02 23:53:00','2026-07-02 23:53:00'),(76,'Asper Sambiroto','asper.sambiroto','$2y$12$WmKWGxjomQG1u9LQwmCWZea201MuhGH.EI3fKigWbafSfIYoQ/xnC','KRPH',5,1,NULL,'2026-07-02 23:53:00','2026-07-02 23:53:00'),(77,'Asper Bajulan','asper.bajulan','$2y$12$bANrHxTK1/sFAN0EqjSkn.leE5RfHcnRx7hVsVi1P/ZomOaEOwxWe','KRPH',6,1,NULL,'2026-07-02 23:53:00','2026-07-02 23:53:00'),(78,'Asper Gedangklutuk','asper.gedangklutuk','$2y$12$0mYeOUoi.NxKUcn8DA8ug.TmugW3O0a9xp/dFQ/HeK0QZPZMimdXe','KRPH',7,1,NULL,'2026-07-02 23:53:00','2026-07-02 23:53:00'),(79,'Asper Makuto','asper.makuto','$2y$12$1ClpwZD8kTpV1.Uf3E144eERPPgUScoXBMn5ESbdxgGlBi/5YOlyi','KRPH',8,1,NULL,'2026-07-02 23:53:01','2026-07-02 23:53:01'),(80,'Asper Plangkat','asper.plangkat','$2y$12$sApSldDDptmIXfSWnPTlwuiFZYV0YCBEGRtUCi/7.TM7HpotglpVK','KRPH',9,1,NULL,'2026-07-02 23:53:01','2026-07-02 23:53:01'),(81,'Asper Salam Judeg','asper.salam.judeg','$2y$12$YgSXcMgRDwrDfDx7jaFhFuvm1HlFD2EYGxb4EnpZZoYABF1FZco7q','KRPH',10,1,NULL,'2026-07-02 23:53:01','2026-07-02 23:53:01'),(82,'Asper Sugihan','asper.sugihan','$2y$12$TTNBiGFq3vQ6EOIXq3nLd.IF7XlS11Lz0ABNW83hbEOswQO8PrvV2','KRPH',11,1,NULL,'2026-07-02 23:53:02','2026-07-02 23:53:02'),(83,'Asper Gondang','asper.gondang','$2y$12$bjfk2IcVKld.7yudeRgFgeDVvt7a08XtgcUKCqwsUQe1wg8pkkGLy','KRPH',12,1,NULL,'2026-07-02 23:53:02','2026-07-02 23:53:02'),(84,'Asper Jatiwekas','asper.jatiwekas','$2y$12$5i0uBpk4GUb5WsLcEczvJukDPRMjNaTTIPkhyVroMUJkVjkZyuAu6','KRPH',13,1,NULL,'2026-07-02 23:53:02','2026-07-02 23:53:02'),(85,'Asper Karangrejo','asper.karangrejo','$2y$12$3cVVuojTMGE6/oELOptjTO3SsCuZI7Hn.xzEE8Rhj6VgV2zkmJeuG','KRPH',14,1,NULL,'2026-07-02 23:53:03','2026-07-02 23:53:03'),(86,'Asper Pagerwojo','asper.pagerwojo','$2y$12$Vf/RL1AAw04hH7/15eOCTe0JpYxbp04PxTSpD7f7l3pzhWuCyPyKe','KRPH',15,1,NULL,'2026-07-02 23:53:03','2026-07-02 23:53:03'),(87,'Asper Sendang','asper.sendang','$2y$12$CArqIpUaY/GFCLRk7oT4vO2RYna54deBF/HlkT1n6FAJ9M/eGIZ1y','KRPH',16,1,NULL,'2026-07-02 23:53:03','2026-07-02 23:53:03'),(88,'Asper Bandung','asper.bandung','$2y$12$aApX7YCYiqKqGs83.HQTguSvOG7gpZPTOPfPF/UVDePiUa4eihohS','KRPH',17,1,NULL,'2026-07-02 23:53:03','2026-07-02 23:53:03'),(89,'Asper Besuki','asper.besuki','$2y$12$8B/PpXLQRj5dpcSpYV8pZe/UoT6wgXwpZ3YMcEIhsNyqUzYoml04i','KRPH',18,1,NULL,'2026-07-02 23:53:04','2026-07-02 23:53:04'),(90,'Asper Watulimo','asper.watulimo','$2y$12$xAG7KcU1DnQt9CpWisvsVeMif56OMsjJdigs.bVqnsbZ.HYZ12M4a','KRPH',19,1,NULL,'2026-07-02 23:53:04','2026-07-02 23:53:04'),(91,'Asper Banjar','asper.banjar','$2y$12$wDPg6ygg6rwv1AcRXaCR6unsW6vKsq5DOec25VM1MjX6Afwa5jvre','KRPH',20,1,NULL,'2026-07-02 23:53:04','2026-07-02 23:53:04'),(92,'Asper Dongko Selatan','asper.dongko.selatan','$2y$12$TNhJxKy1Y3blT2Feq.kOPOBgGgRkzwnJbUW15nE4on5rxmlOliwmi','KRPH',21,1,NULL,'2026-07-02 23:53:04','2026-07-02 23:53:04'),(93,'Asper Dongko Utara','asper.dongko.utara','$2y$12$Ozy783fDh/mVZx6589CweexkIFcYBlj5UhcbWksNA5WqMzkZ9Q8M2','KRPH',22,1,NULL,'2026-07-02 23:53:05','2026-07-02 23:53:05'),(94,'Asper Panggul','asper.panggul','$2y$12$cH5uoP3/z88hD7LZKOGzheirwYdHv.8tjkpAZkUMk2BNWWHH5ZOUu','KRPH',23,1,NULL,'2026-07-02 23:53:05','2026-07-02 23:53:05'),(95,'Asper Sumberbening','asper.sumberbening','$2y$12$bHZMSmar5kS2fHrZ18DVQ.YPRir46qvzDmcI6UQvu0JwIqwTf1cBe','KRPH',24,1,NULL,'2026-07-02 23:53:05','2026-07-02 23:53:05'),(96,'Asper Kampak Selatan','asper.kampak.selatan','$2y$12$cmy/NkQ3FPz1wdR..xBVYupV.DRrG/3nWAlFfFeMKmvDmHlbBIxei','KRPH',25,1,NULL,'2026-07-02 23:53:06','2026-07-02 23:53:06'),(97,'Asper Kampak Utara','asper.kampak.utara','$2y$12$vlzyo1O1QA.cTeaP8RwVd.JsQYutqqEHcRd2976ZySYIv5CvoaTxu','KRPH',26,1,NULL,'2026-07-02 23:53:06','2026-07-02 23:53:06'),(98,'Asper Munjungan Barat','asper.munjungan.barat','$2y$12$fxL93/gelr5soHC8CeNjjem2kbLKjoXsKOndvsUlcMXymHk8maLJ6','KRPH',27,1,NULL,'2026-07-02 23:53:06','2026-07-02 23:53:06'),(99,'Asper Munjungan Timur','asper.munjungan.timur','$2y$12$VOAp7KXPNyQI2JQtQplH1eqGX2Zv42dgmw7cK2Rx1JZJHq.dp7P0C','KRPH',28,1,NULL,'2026-07-02 23:53:06','2026-07-02 23:53:06'),(100,'Asper Gandusari','asper.gandusari','$2y$12$XyZ8KuSOeciAyzvRSXXbu.B91MXGgfE2UFg7cxk1r3ExC522fUOSS','KRPH',29,1,NULL,'2026-07-02 23:53:07','2026-07-02 23:53:07'),(101,'Asper Karangan','asper.karangan','$2y$12$ax01HJx.UN16OHYe4wA7w.PIbiYaAyL36iLzfcM5opwpf61ZL0VoS','KRPH',30,1,NULL,'2026-07-02 23:53:07','2026-07-02 23:53:07'),(102,'Asper Pule','asper.pule','$2y$12$AFcIlQWO.cFDLVt0gRINkO/WFJoHinamRDVbyjOd4E0NI9gwWmg8.','KRPH',31,1,NULL,'2026-07-02 23:53:07','2026-07-02 23:53:07'),(103,'Asper Tugu','asper.tugu','$2y$12$MwYgA6qZaLlnBLh1fssrQuQ4P7fD4ADREFA.Mosu.Uqxz/75odJfu','KRPH',32,1,NULL,'2026-07-02 23:53:08','2026-07-02 23:53:08'),(104,'Asper Bendungan','asper.bendungan','$2y$12$WcnuSgiQZtE9twvq0wv1A.xNJMa83RpzCDLLZ.uKsfYAPnD00fUvS','KRPH',33,1,NULL,'2026-07-02 23:53:08','2026-07-02 23:53:08'),(105,'Asper Durenan','asper.durenan','$2y$12$mxmHmCyYqY2nHw/qCa.oSejzrLXSQ6osaHkmUw8v1ykI1XevdVhTu','KRPH',34,1,NULL,'2026-07-02 23:53:08','2026-07-02 23:53:08'),(106,'Asper Sumurup','asper.sumurup','$2y$12$OdjLciQjXwXhEWrAvy.P7eKYrF6b6q7ssUWTc6OwZjydVPlBA.6bS','KRPH',35,1,NULL,'2026-07-02 23:53:08','2026-07-02 23:53:08'),(107,'Asper Trenggalek','asper.trenggalek','$2y$12$TTcshV4nBziasINWZSv8de5cwnsIobJ0O9216pqQ/qrj4n9nx3aGy','KRPH',36,1,NULL,'2026-07-02 23:53:09','2026-07-02 23:53:09'),(108,'Krph Kalipang 2','krph.sindi','$2y$12$Pt43RY2Wgo44B.9SAsIJKOSEKnJ5bnrv2Hdx6EyBPkDCgVaV8j6Cu','KRPH',1,1,NULL,'2026-07-02 23:55:38','2026-07-02 23:55:57');
/*!40000 ALTER TABLE `user` ENABLE KEYS */;
UNLOCK TABLES;

--
-- Table structure for table `users`
--

DROP TABLE IF EXISTS `users`;
/*!40101 SET @saved_cs_client     = @@character_set_client */;
/*!40101 SET character_set_client = utf8 */;
CREATE TABLE `users` (
  `id` bigint(20) unsigned NOT NULL AUTO_INCREMENT,
  `name` varchar(255) NOT NULL,
  `email` varchar(255) NOT NULL,
  `email_verified_at` timestamp NULL DEFAULT NULL,
  `password` varchar(255) NOT NULL,
  `remember_token` varchar(100) DEFAULT NULL,
  `created_at` timestamp NULL DEFAULT NULL,
  `updated_at` timestamp NULL DEFAULT NULL,
  PRIMARY KEY (`id`),
  UNIQUE KEY `users_email_unique` (`email`)
) ENGINE=InnoDB DEFAULT CHARSET=utf8mb4 COLLATE=utf8mb4_unicode_ci;
/*!40101 SET character_set_client = @saved_cs_client */;

--
-- Dumping data for table `users`
--

LOCK TABLES `users` WRITE;
/*!40000 ALTER TABLE `users` DISABLE KEYS */;
/*!40000 ALTER TABLE `users` ENABLE KEYS */;
UNLOCK TABLES;
/*!40103 SET TIME_ZONE=@OLD_TIME_ZONE */;

/*!40101 SET SQL_MODE=@OLD_SQL_MODE */;
/*!40014 SET FOREIGN_KEY_CHECKS=@OLD_FOREIGN_KEY_CHECKS */;
/*!40014 SET UNIQUE_CHECKS=@OLD_UNIQUE_CHECKS */;
/*!40101 SET CHARACTER_SET_CLIENT=@OLD_CHARACTER_SET_CLIENT */;
/*!40101 SET CHARACTER_SET_RESULTS=@OLD_CHARACTER_SET_RESULTS */;
/*!40101 SET COLLATION_CONNECTION=@OLD_COLLATION_CONNECTION */;
/*!40111 SET SQL_NOTES=@OLD_SQL_NOTES */;

-- Dump completed on 2026-07-03 14:34:46
